"","month","day","year","treatment","species","testes"
"1",8,19,1977,"control","PF","S"
"2",8,19,1977,"control","PF","S"
"3",8,19,1977,"control","PF","S"
"4",8,21,1977,"control","PF","S"
"5",10,18,1977,"control","PF","S"
"6",3,11,1978,"control","PF","S"
"7",5,18,1978,"control","PP","S"
"8",6,8,1978,"control","PF","S"
"9",6,8,1978,"control","PP","S"
"10",6,9,1978,"control","PP","S"
"11",6,9,1978,"control","PF","S"
"12",7,7,1978,"control","PP","S"
"13",9,3,1978,"control","PF","S"
"14",9,3,1978,"control","PF","S"
"15",5,29,1979,"control","PP","S"
"16",1,15,1980,"control","PF","S"
"17",2,25,1980,"control","PE","S"
"18",2,25,1980,"control","RM","S"
"19",3,9,1980,"control","PF","S"
"20",3,21,1980,"control","RM","S"
"21",3,22,1980,"control","PF","S"
"22",4,17,1980,"control","PF","S"
"23",4,18,1980,"control","PF","S"
"24",4,18,1980,"control","PF","S"
"25",4,18,1980,"control","PF","S"
"26",4,18,1980,"control","PF","S"
"27",5,17,1980,"control","PP","S"
"28",6,23,1980,"control","PP","S"
"29",6,23,1980,"control","PF","S"
"30",7,21,1980,"control","PF","S"
"31",9,7,1980,"control","PF","S"
"32",10,12,1980,"control","PF","S"
"33",1,12,1981,"control","RM","S"
"34",1,12,1981,"control","PF","S"
"35",1,31,1981,"control","PF","S"
"36",2,1,1981,"control","PF","S"
"37",4,5,1981,"control","PE","S"
"38",4,5,1981,"control","PM","S"
"39",4,5,1981,"control","PE","S"
"40",4,6,1981,"control","PE","S"
"41",5,4,1981,"control","PF","S"
"42",6,4,1981,"control","PF","S"
"43",6,4,1981,"control","PF","S"
"44",6,5,1981,"control","PE","S"
"45",7,7,1981,"control","PF","S"
"46",7,8,1981,"control","PF","S"
"47",8,30,1981,"control","PP","R"
"48",10,1,1981,"control","RM","S"
"49",1,24,1982,"control","RM","S"
"50",1,25,1982,"control","RM","S"
"51",2,22,1982,"control","RM","S"
"52",2,22,1982,"control","RM","S"
"53",2,22,1982,"control","RM","S"
"54",2,22,1982,"control","RM","S"
"55",2,22,1982,"control","RM","R"
"56",2,23,1982,"control","PF","S"
"57",2,23,1982,"control","RM","S"
"58",2,23,1982,"control","RM","S"
"59",2,23,1982,"control","PE","S"
"60",2,23,1982,"control","RM","S"
"61",2,24,1982,"control","RM","S"
"62",2,24,1982,"control","RM","S"
"63",2,24,1982,"control","RM","S"
"64",3,29,1982,"control","PE","S"
"65",3,29,1982,"control","RM","S"
"66",3,29,1982,"control","RM","S"
"67",3,29,1982,"control","RM","S"
"68",3,30,1982,"control","PP","S"
"69",3,30,1982,"control","RM","S"
"70",3,30,1982,"control","RM","S"
"71",3,30,1982,"control","RM","S"
"72",4,28,1982,"control","PE","S"
"73",4,28,1982,"control","PM","S"
"74",4,28,1982,"control","RM","S"
"75",4,28,1982,"control","RM","S"
"76",4,29,1982,"control","RM","S"
"77",4,29,1982,"control","PF","S"
"78",5,21,1982,"control","PF","S"
"79",5,21,1982,"control","PF","S"
"80",5,21,1982,"control","RM","S"
"81",5,21,1982,"control","PF","S"
"82",5,21,1982,"control","RM","S"
"83",5,21,1982,"control","PE","S"
"84",5,21,1982,"control","PE","R"
"85",6,28,1982,"control","PF","S"
"86",6,28,1982,"control","PF","S"
"87",6,29,1982,"control","PP","S"
"88",7,25,1982,"control","PF","S"
"89",7,25,1982,"control","PF","S"
"90",7,26,1982,"control","PF","S"
"91",8,15,1982,"control","PM","S"
"92",8,15,1982,"control","PM","M"
"93",8,16,1982,"control","PF","S"
"94",8,16,1982,"control","PF","S"
"95",8,16,1982,"control","PE","S"
"96",9,18,1982,"control","PM","S"
"97",9,18,1982,"control","PF","S"
"98",9,19,1982,"control","PF","S"
"99",10,23,1982,"control","PF","S"
"100",10,24,1982,"control","PF","R"
"101",11,21,1982,"control","PM","S"
"102",11,22,1982,"control","PM","S"
"103",11,22,1982,"control","PF","S"
"104",1,12,1983,"control","PM","S"
"105",1,12,1983,"control","RM","S"
"106",1,13,1983,"control","PF","S"
"107",2,26,1983,"control","RM","S"
"108",2,26,1983,"control","PM","S"
"109",2,27,1983,"control","RM","S"
"110",3,14,1983,"control","RM","S"
"111",3,14,1983,"control","RM","S"
"112",3,14,1983,"control","PF","S"
"113",3,14,1983,"control","PF","S"
"114",3,14,1983,"control","RM","S"
"115",3,14,1983,"control","RM","S"
"116",3,14,1983,"control","RM","S"
"117",3,14,1983,"control","PF","S"
"118",3,14,1983,"control","RM","S"
"119",3,15,1983,"control","PF","S"
"120",3,15,1983,"control","PE","S"
"121",3,15,1983,"control","RM","S"
"122",3,15,1983,"control","PE","S"
"123",3,15,1983,"control","RM","S"
"124",4,16,1983,"control","PE","S"
"125",4,16,1983,"control","PF","S"
"126",4,16,1983,"control","PF","S"
"127",4,16,1983,"control","PE","S"
"128",4,17,1983,"control","PF","S"
"129",4,17,1983,"control","PF","S"
"130",4,17,1983,"control","PF","S"
"131",4,17,1983,"control","PM","S"
"132",4,17,1983,"control","PF","S"
"133",4,17,1983,"control","RM","S"
"134",5,14,1983,"control","RM","S"
"135",5,14,1983,"control","PP","S"
"136",5,14,1983,"control","PF","S"
"137",5,15,1983,"control","PF","S"
"138",5,15,1983,"control","PF","S"
"139",5,15,1983,"control","PF","S"
"140",5,15,1983,"control","PF","S"
"141",6,17,1983,"control","RM","S"
"142",6,18,1983,"control","PP","S"
"143",6,18,1983,"control","PF","S"
"144",6,18,1983,"control","PF","S"
"145",7,17,1983,"control","PP","S"
"146",7,17,1983,"control","PF","S"
"147",8,16,1983,"control","PF","S"
"148",8,16,1983,"control","PF","S"
"149",9,11,1983,"control","PF","S"
"150",9,11,1983,"control","PF","S"
"151",10,16,1983,"control","RM","S"
"152",3,12,1984,"control","RM","S"
"153",4,9,1984,"control","PM","S"
"154",4,9,1984,"control","RM","S"
"155",5,12,1984,"control","PP","S"
"156",5,13,1984,"control","PP","S"
"157",5,27,1984,"control","PE","S"
"158",5,28,1984,"control","PP","S"
"159",5,28,1984,"control","PF","S"
"160",7,4,1984,"control","PE","S"
"161",7,31,1984,"control","RM","S"
"162",8,1,1984,"control","PP","S"
"163",8,25,1984,"control","PE","S"
"164",2,17,1985,"control","PE","S"
"165",4,20,1985,"control","PP","S"
"166",4,20,1985,"control","PM","R"
"167",4,20,1985,"control","PE","S"
"168",4,20,1985,"control","PE","S"
"169",8,19,1985,"control","PP","S"
"170",9,21,1985,"control","PE","S"
"171",9,22,1985,"control","PP","M"
"172",10,12,1985,"control","PE","S"
"173",3,8,1986,"control","PE","S"
"174",3,8,1986,"control","PE","R"
"175",3,9,1986,"control","PP","S"
"176",3,9,1986,"control","RM","S"
"177",3,9,1986,"control","PE","R"
"178",3,9,1986,"control","PE","S"
"179",4,12,1986,"control","PE","S"
"180",5,10,1986,"control","RM","R"
"181",5,10,1986,"control","PE","S"
"182",5,11,1986,"control","PM","S"
"183",5,11,1986,"control","PE","R"
"184",7,3,1986,"control","PE","S"
"185",8,9,1986,"control","PM","S"
"186",11,16,1986,"control","PM","R"
"187",12,14,1986,"control","RM","S"
"188",12,15,1986,"control","PM","S"
"189",1,31,1987,"control","PE","R"
"190",2,1,1987,"control","PE","S"
"191",3,1,1987,"control","RM","S"
"192",3,2,1987,"control","PE","R"
"193",3,2,1987,"control","PM","S"
"194",4,4,1987,"control","RM","S"
"195",4,4,1987,"control","PE","S"
"196",4,6,1987,"control","PP","R"
"197",4,6,1987,"control","PE","R"
"198",4,6,1987,"control","PM","S"
"199",4,6,1987,"control","PE","S"
"200",4,6,1987,"control","PE","S"
"201",4,6,1987,"control","PP","S"
"202",4,6,1987,"control","PM","S"
"203",4,25,1987,"control","PE","R"
"204",4,26,1987,"control","PP","S"
"205",4,26,1987,"control","PE","S"
"206",4,26,1987,"control","PE","S"
"207",4,26,1987,"control","PE","S"
"208",5,28,1987,"control","PE","S"
"209",5,29,1987,"control","PM","S"
"210",5,29,1987,"control","RM","S"
"211",5,29,1987,"control","PP","S"
"212",5,28,1987,"control","PE","S"
"213",6,30,1987,"control","PM","S"
"214",6,30,1987,"control","PE","S"
"215",6,30,1987,"control","PM","R"
"216",7,1,1987,"control","RM","S"
"217",7,25,1987,"control","PM","S"
"218",7,25,1987,"control","PE","S"
"219",7,25,1987,"control","RM","S"
"220",7,26,1987,"control","PE","S"
"221",7,26,1987,"control","PM","S"
"222",7,26,1987,"control","RM","S"
"223",7,26,1987,"control","PE","S"
"224",8,26,1987,"control","PM","S"
"225",8,26,1987,"control","PE","S"
"226",8,26,1987,"control","RM","S"
"227",8,26,1987,"control","PM","S"
"228",9,26,1987,"control","PM","R"
"229",9,26,1987,"control","PM","S"
"230",9,26,1987,"control","PE","S"
"231",9,26,1987,"control","PM","S"
"232",9,27,1987,"control","PE","S"
"233",9,27,1987,"control","PM","M"
"234",10,24,1987,"control","RM","S"
"235",10,24,1987,"control","RM","S"
"236",11,21,1987,"control","PM","S"
"237",11,21,1987,"control","RM","S"
"238",11,22,1987,"control","PM","S"
"239",3,20,1988,"control","RM","S"
"240",4,18,1988,"control","RM","S"
"241",4,19,1988,"control","PE","S"
"242",4,19,1988,"control","PP","R"
"243",5,15,1988,"control","PP","R"
"244",8,9,1988,"control","PE","M"
"245",8,10,1988,"control","PE","S"
"246",11,6,1988,"control","RM","S"
"247",12,13,1988,"control","RM","S"
"248",12,14,1988,"control","RM","S"
"249",12,14,1988,"control","RM","S"
"250",1,11,1989,"control","RM","M"
"251",1,11,1989,"control","RM","S"
"252",2,4,1989,"control","PE","M"
"253",2,4,1989,"control","RM","S"
"254",2,5,1989,"control","RM","S"
"255",2,5,1989,"control","RM","S"
"256",2,5,1989,"control","RM","S"
"257",2,5,1989,"control","RM","S"
"258",2,5,1989,"control","RM","S"
"259",3,12,1989,"control","RM","S"
"260",3,12,1989,"control","RM","S"
"261",3,13,1989,"control","RM","S"
"262",3,13,1989,"control","RM","S"
"263",3,13,1989,"control","PE","S"
"264",3,13,1989,"control","RM","S"
"265",3,13,1989,"control","RM","S"
"266",3,13,1989,"control","RM","S"
"267",3,14,1989,"control","PE","S"
"268",3,14,1989,"control","PM","S"
"269",4,1,1989,"control","PE","S"
"270",4,1,1989,"control","PE","S"
"271",4,1,1989,"control","RM","S"
"272",4,1,1989,"control","RM","S"
"273",4,1,1989,"control","RM","S"
"274",5,10,1989,"control","RM","S"
"275",5,10,1989,"control","RM","S"
"276",5,10,1989,"control","RM","S"
"277",6,3,1989,"control","RM","S"
"278",6,4,1989,"control","RM","M"
"279",6,4,1989,"control","PE","S"
"280",7,3,1989,"control","RM","S"
"281",7,29,1989,"control","PE","S"
"282",9,3,1989,"control","PE","S"
"283",11,4,1989,"control","RM","S"
"284",11,5,1989,"control","RM","S"
"285",11,5,1989,"control","PE","R"
"286",12,4,1989,"control","RM","S"
"287",12,4,1989,"control","RM","S"
"288",12,5,1989,"control","RM","M"
"289",1,6,1990,"control","RM","S"
"290",1,29,1990,"control","RM","M"
"291",2,24,1990,"control","RM","S"
"292",3,29,1990,"control","RM","S"
"293",3,29,1990,"control","RM","S"
"294",3,29,1990,"control","RM","S"
"295",3,30,1990,"control","PE","S"
"296",3,30,1990,"control","RM","S"
"297",2,16,1991,"control","RM","S"
"298",2,16,1991,"control","RM","S"
"299",3,13,1991,"control","RM","S"
"300",3,13,1991,"control","RM","S"
"301",3,13,1991,"control","RM","S"
"302",4,21,1991,"control","PE","R"
"303",5,14,1991,"control","PP","S"
"304",7,12,1991,"control","PF","S"
"305",7,12,1991,"control","PP","S"
"306",8,7,1991,"control","PP","R"
"307",10,11,1991,"control","RM","R"
"308",3,8,1992,"control","PE","M"
"309",3,8,1992,"control","PE","S"
"310",4,5,1992,"control","PF","S"
"311",5,2,1992,"control","PP","S"
"312",5,2,1992,"control","RM","S"
"313",7,30,1992,"control","PP","S"
"314",9,26,1992,"control","PF","S"
"315",9,27,1992,"control","PF","R"
"316",2,19,1993,"control","RM","M"
"317",3,17,1993,"control","PP","S"
"318",3,17,1993,"control","RM","S"
"319",3,18,1993,"control","PF","S"
"320",4,23,1993,"control","PP","S"
"321",4,24,1993,"control","PP","M"
"322",4,24,1993,"control","PP","S"
"323",4,24,1993,"control","RM","M"
"324",5,22,1993,"control","PF","S"
"325",7,14,1993,"control","PP","S"
"326",7,14,1993,"control","PF","S"
"327",7,14,1993,"control","RM","S"
"328",8,19,1993,"control","PF","S"
"329",8,20,1993,"control","PF","S"
"330",9,16,1993,"control","PF","S"
"331",9,16,1993,"control","PF","S"
"332",4,10,1994,"control","PP","S"
"333",10,13,1994,"control","PF","S"
"334",4,1,1995,"control","RM","S"
"335",4,29,1995,"control","PF","S"
"336",6,8,1995,"control","PP","S"
"337",6,8,1995,"control","PP","S"
"338",6,27,1995,"control","PP","S"
"339",6,27,1995,"control","PP","S"
"340",7,20,1995,"control","PP","S"
"341",7,21,1995,"control","PF","S"
"342",7,21,1995,"control","PP","S"
"343",8,26,1995,"control","PF","S"
"344",8,27,1995,"control","PF","S"
"345",9,23,1995,"control","PF","S"
"346",9,24,1995,"control","PF","S"
"347",9,24,1995,"control","PF","R"
"348",10,28,1995,"control","PF","S"
"349",10,28,1995,"control","PF","S"
"350",10,28,1995,"control","PF","S"
"351",10,28,1995,"control","PF","S"
"352",10,28,1995,"control","PF","S"
"353",10,28,1995,"control","RM","S"
"354",10,29,1995,"control","PF","S"
"355",10,29,1995,"control","PF","R"
"356",10,29,1995,"control","PF","R"
"357",12,2,1995,"control","PF","S"
"358",12,2,1995,"control","PF","S"
"359",12,2,1995,"control","PF","S"
"360",12,2,1995,"control","RM","S"
"361",12,2,1995,"control","PF","R"
"362",12,3,1995,"control","PF","S"
"363",12,3,1995,"control","PF","S"
"364",12,21,1995,"control","PF","S"
"365",12,21,1995,"control","PF","S"
"366",12,21,1995,"control","PF","R"
"367",1,27,1996,"control","PF","R"
"368",2,24,1996,"control","RM","M"
"369",2,24,1996,"control","PF","S"
"370",2,25,1996,"control","PM","M"
"371",2,25,1996,"control","PF","M"
"372",3,23,1996,"control","PF","M"
"373",3,23,1996,"control","PP","M"
"374",3,23,1996,"control","PP","S"
"375",4,14,1996,"control","PF","S"
"376",4,14,1996,"control","PF","S"
"377",4,15,1996,"control","PP","S"
"378",4,15,1996,"control","PF","S"
"379",4,15,1996,"control","PF","S"
"380",4,15,1996,"control","PF","S"
"381",4,15,1996,"control","PF","S"
"382",4,15,1996,"control","PM","M"
"383",4,15,1996,"control","PP","M"
"384",4,15,1996,"control","PF","S"
"385",4,15,1996,"control","RM","M"
"386",4,15,1996,"control","PP","S"
"387",4,15,1996,"control","PP","S"
"388",5,23,1996,"control","PF","S"
"389",5,23,1996,"control","PF","M"
"390",5,23,1996,"control","PF","M"
"391",5,24,1996,"control","PF","S"
"392",6,13,1996,"control","PP","S"
"393",6,13,1996,"control","PF","S"
"394",6,13,1996,"control","PM","M"
"395",6,14,1996,"control","PF","S"
"396",6,14,1996,"control","PF","S"
"397",6,14,1996,"control","PF","S"
"398",6,14,1996,"control","PM","M"
"399",7,20,1996,"control","PF","S"
"400",7,20,1996,"control","PF","S"
"401",7,21,1996,"control","PF","S"
"402",7,21,1996,"control","PP","S"
"403",7,21,1996,"control","PF","S"
"404",8,14,1996,"control","PF","S"
"405",8,14,1996,"control","PF","S"
"406",8,15,1996,"control","PF","S"
"407",9,21,1996,"control","PF","S"
"408",9,21,1996,"control","PF","R"
"409",9,22,1996,"control","PF","S"
"410",10,12,1996,"control","PF","M"
"411",10,13,1996,"control","PF","S"
"412",12,18,1996,"control","PB","R"
"413",12,18,1996,"control","PF","S"
"414",12,18,1996,"control","PB","S"
"415",2,8,1997,"control","PF","S"
"416",2,8,1997,"control","PF","S"
"417",2,8,1997,"control","PB","S"
"418",2,9,1997,"control","PF","S"
"419",2,9,1997,"control","PF","S"
"420",2,9,1997,"control","PF","S"
"421",3,15,1997,"control","PP","S"
"422",3,15,1997,"control","PB","S"
"423",3,15,1997,"control","PP","S"
"424",3,15,1997,"control","RM","S"
"425",3,15,1997,"control","PF","S"
"426",3,15,1997,"control","PF","S"
"427",3,15,1997,"control","PP","S"
"428",3,15,1997,"control","PF","S"
"429",3,15,1997,"control","PB","S"
"430",3,15,1997,"control","RM","S"
"431",3,16,1997,"control","PP","R"
"432",3,16,1997,"control","PP","R"
"433",3,16,1997,"control","PF","S"
"434",3,16,1997,"control","RM","S"
"435",3,16,1997,"control","PF","S"
"436",3,16,1997,"control","PF","S"
"437",3,16,1997,"control","PF","R"
"438",4,12,1997,"control","RM","S"
"439",4,12,1997,"control","PP","S"
"440",4,12,1997,"control","PP","S"
"441",4,12,1997,"control","PP","S"
"442",4,12,1997,"control","PP","S"
"443",4,12,1997,"control","PF","S"
"444",4,12,1997,"control","PP","M"
"445",4,12,1997,"control","RM","S"
"446",4,12,1997,"control","PF","S"
"447",4,13,1997,"control","PP","S"
"448",4,13,1997,"control","PF","S"
"449",4,13,1997,"control","PF","S"
"450",4,13,1997,"control","PF","S"
"451",4,13,1997,"control","PP","M"
"452",4,13,1997,"control","PP","S"
"453",5,10,1997,"control","PP","S"
"454",5,10,1997,"control","PP","S"
"455",5,10,1997,"control","PP","S"
"456",5,10,1997,"control","PP","S"
"457",5,10,1997,"control","PF","S"
"458",5,11,1997,"control","PF","S"
"459",5,11,1997,"control","PE","S"
"460",5,11,1997,"control","PP","S"
"461",5,11,1997,"control","PM","S"
"462",5,11,1997,"control","PF","S"
"463",5,11,1997,"control","PP","S"
"464",5,11,1997,"control","PP","S"
"465",5,11,1997,"control","PF","R"
"466",6,9,1997,"control","PF","S"
"467",6,9,1997,"control","PP","S"
"468",6,9,1997,"control","PF","S"
"469",6,9,1997,"control","PE","S"
"470",6,10,1997,"control","PP","S"
"471",6,10,1997,"control","PP","S"
"472",6,10,1997,"control","PM","S"
"473",6,11,1997,"control","PF","S"
"474",6,11,1997,"control","PP","S"
"475",7,9,1997,"control","PF","S"
"476",7,11,1997,"control","PM","S"
"477",7,29,1997,"control","PF","S"
"478",7,30,1997,"control","PF","S"
"479",3,1,1998,"control","PB","S"
"480",3,29,1998,"control","PP","S"
"481",3,29,1998,"control","PP","S"
"482",3,29,1998,"control","PB","S"
"483",3,29,1998,"control","PB","S"
"484",5,2,1998,"control","PP","S"
"485",5,2,1998,"control","PB","S"
"486",5,3,1998,"control","PP","S"
"487",5,3,1998,"control","PP","S"
"488",5,28,1998,"control","PP","S"
"489",5,28,1998,"control","PP","S"
"490",5,28,1998,"control","PP","S"
"491",5,28,1998,"control","PP","S"
"492",6,27,1998,"control","PP","S"
"493",7,19,1998,"control","PP","S"
"494",1,16,1999,"control","RM","R"
"495",2,20,1999,"control","PB","S"
"496",2,21,1999,"control","PB","M"
"497",3,14,1999,"control","PB","S"
"498",3,14,1999,"control","PB","S"
"499",3,14,1999,"control","PB","M"
"500",4,17,1999,"control","PP","S"
"501",4,17,1999,"control","PB","R"
"502",4,18,1999,"control","PP","S"
"503",5,15,1999,"control","PP","S"
"504",5,15,1999,"control","PB","S"
"505",6,12,1999,"control","PP","R"
"506",6,12,1999,"control","PP","S"
"507",6,12,1999,"control","PP","S"
"508",10,9,1999,"control","PP","R"
"509",10,10,1999,"control","PP","R"
"510",11,7,1999,"control","PP","R"
"511",12,5,1999,"control","PP","R"
"512",12,5,1999,"control","PB","R"
"513",12,5,1999,"control","PB","R"
"514",12,6,1999,"control","PB","S"
"515",12,6,1999,"control","PP","R"
"516",1,8,2000,"control","PB","M"
"517",1,8,2000,"control","PB","S"
"518",1,8,2000,"control","PB","R"
"519",1,10,2000,"control","PB","M"
"520",1,10,2000,"control","PB","M"
"521",1,10,2000,"control","PP","R"
"522",2,5,2000,"control","PB","R"
"523",2,5,2000,"control","PB","M"
"524",2,5,2000,"control","PP","M"
"525",2,5,2000,"control","PP","M"
"526",2,5,2000,"control","PB","S"
"527",2,5,2000,"control","PB","S"
"528",2,5,2000,"control","PP","S"
"529",2,5,2000,"control","PB","S"
"530",2,5,2000,"control","PB","S"
"531",2,5,2000,"control","PB","S"
"532",2,5,2000,"control","PB","S"
"533",2,5,2000,"control","PB","M"
"534",2,6,2000,"control","PB","R"
"535",2,6,2000,"control","PB","S"
"536",2,6,2000,"control","PB","M"
"537",2,6,2000,"control","PB","S"
"538",2,6,2000,"control","PB","S"
"539",2,6,2000,"control","PB","M"
"540",2,6,2000,"control","PB","M"
"541",2,6,2000,"control","PP","M"
"542",3,4,2000,"control","PP","R"
"543",3,4,2000,"control","PP","S"
"544",3,4,2000,"control","PB","M"
"545",3,4,2000,"control","PB","M"
"546",3,4,2000,"control","PP","R"
"547",3,4,2000,"control","PP","S"
"548",3,4,2000,"control","PP","S"
"549",3,4,2000,"control","PP","S"
"550",3,4,2000,"control","PP","S"
"551",3,4,2000,"control","PB","S"
"552",3,4,2000,"control","PB","S"
"553",3,4,2000,"control","PB","R"
"554",3,4,2000,"control","PB","S"
"555",3,5,2000,"control","PB","S"
"556",3,5,2000,"control","PB","S"
"557",3,5,2000,"control","PP","S"
"558",3,5,2000,"control","PP","S"
"559",3,5,2000,"control","PP","S"
"560",3,5,2000,"control","PP","S"
"561",3,5,2000,"control","PP","S"
"562",4,29,2000,"control","PB","S"
"563",4,29,2000,"control","PP","S"
"564",4,29,2000,"control","PP","S"
"565",4,29,2000,"control","PB","S"
"566",4,29,2000,"control","PB","R"
"567",4,30,2000,"control","PB","S"
"568",4,30,2000,"control","PB","R"
"569",4,30,2000,"control","PP","S"
"570",4,30,2000,"control","PP","S"
"571",4,30,2000,"control","PP","S"
"572",6,3,2000,"control","PP","S"
"573",6,3,2000,"control","PP","S"
"574",6,3,2000,"control","PP","S"
"575",6,4,2000,"control","PP","S"
"576",6,4,2000,"control","PP","S"
"577",6,4,2000,"control","PB","S"
"578",6,4,2000,"control","PP","R"
"579",6,4,2000,"control","PP","S"
"580",6,4,2000,"control","PP","S"
"581",6,4,2000,"control","PB","S"
"582",7,1,2000,"control","PB","S"
"583",7,1,2000,"control","PP","S"
"584",7,2,2000,"control","PP","R"
"585",7,2,2000,"control","PP","R"
"586",7,2,2000,"control","PP","R"
"587",7,2,2000,"control","PB","M"
"588",7,2,2000,"control","PP","S"
"589",7,2,2000,"control","PP","M"
"590",7,2,2000,"control","PP","S"
"591",7,2,2000,"control","PP","S"
"592",7,22,2000,"control","PB","M"
"593",8,26,2000,"control","PB","M"
"594",1,21,2001,"control","PB","M"
"595",1,21,2001,"control","PB","M"
"596",1,21,2001,"control","PB","M"
"597",3,3,2001,"control","PB","M"
"598",3,3,2001,"control","PB","S"
"599",3,3,2001,"control","PB","S"
"600",3,3,2001,"control","PB","M"
"601",3,3,2001,"control","PB","S"
"602",3,4,2001,"control","PB","S"
"603",3,24,2001,"control","PB","S"
"604",3,24,2001,"control","PP","S"
"605",3,24,2001,"control","PP","S"
"606",3,24,2001,"control","PB","S"
"607",3,25,2001,"control","PF","S"
"608",3,25,2001,"control","PB","S"
"609",3,25,2001,"control","PB","M"
"610",3,25,2001,"control","PB","M"
"611",3,25,2001,"control","PP","S"
"612",3,25,2001,"control","PP","S"
"613",3,25,2001,"control","PP","S"
"614",3,25,2001,"control","PP","S"
"615",3,25,2001,"control","PP","S"
"616",3,25,2001,"control","PP","S"
"617",3,25,2001,"control","PP","S"
"618",4,21,2001,"control","PP","S"
"619",4,21,2001,"control","PP","S"
"620",4,21,2001,"control","PP","S"
"621",5,26,2001,"control","PP","S"
"622",5,26,2001,"control","PE","S"
"623",5,26,2001,"control","PB","S"
"624",5,26,2001,"control","PB","S"
"625",5,27,2001,"control","PF","S"
"626",5,27,2001,"control","PB","M"
"627",5,27,2001,"control","PP","M"
"628",5,27,2001,"control","PB","R"
"629",5,27,2001,"control","PB","S"
"630",5,27,2001,"control","PP","R"
"631",5,27,2001,"control","PP","S"
"632",6,25,2001,"control","PP","S"
"633",6,25,2001,"control","PP","S"
"634",6,25,2001,"control","PP","S"
"635",6,25,2001,"control","PB","S"
"636",8,25,2001,"control","PB","R"
"637",8,26,2001,"control","PB","M"
"638",9,22,2001,"control","PB","S"
"639",10,13,2001,"control","PP","M"
"640",10,13,2001,"control","PB","R"
"641",10,14,2001,"control","PF","M"
"642",11,17,2001,"control","PB","M"
"643",11,17,2001,"control","PB","M"
"644",11,17,2001,"control","PB","M"
"645",11,18,2001,"control","PB","M"
"646",12,15,2001,"control","PB","M"
"647",1,12,2002,"control","PB","S"
"648",1,12,2002,"control","PB","S"
"649",1,12,2002,"control","PB","S"
"650",2,9,2002,"control","PB","M"
"651",2,9,2002,"control","PB","M"
"652",2,9,2002,"control","PB","S"
"653",2,9,2002,"control","PP","M"
"654",2,9,2002,"control","PB","S"
"655",2,9,2002,"control","PB","S"
"656",2,9,2002,"control","PB","M"
"657",2,10,2002,"control","PB","S"
"658",2,10,2002,"control","PP","M"
"659",3,13,2002,"control","PP","S"
"660",3,13,2002,"control","PP","S"
"661",3,13,2002,"control","PP","S"
"662",3,13,2002,"control","PP","S"
"663",3,13,2002,"control","PP","M"
"664",3,13,2002,"control","PB","R"
"665",3,14,2002,"control","PF","S"
"666",3,14,2002,"control","PB","S"
"667",3,14,2002,"control","PP","M"
"668",3,14,2002,"control","PP","S"
"669",3,14,2002,"control","PP","S"
"670",4,16,2002,"control","PP","S"
"671",4,16,2002,"control","PP","S"
"672",4,16,2002,"control","PP","S"
"673",4,16,2002,"control","PP","R"
"674",4,16,2002,"control","PP","S"
"675",4,16,2002,"control","PB","S"
"676",4,17,2002,"control","PB","S"
"677",4,17,2002,"control","PP","S"
"678",4,17,2002,"control","PF","S"
"679",4,17,2002,"control","PB","S"
"680",4,17,2002,"control","PB","S"
"681",4,17,2002,"control","PP","R"
"682",4,17,2002,"control","PP","S"
"683",5,15,2002,"control","PP","R"
"684",5,15,2002,"control","PP","S"
"685",5,15,2002,"control","PP","S"
"686",5,15,2002,"control","PP","S"
"687",5,15,2002,"control","PE","S"
"688",5,15,2002,"control","PP","S"
"689",5,15,2002,"control","PP","S"
"690",5,15,2002,"control","PB","S"
"691",5,15,2002,"control","PB","R"
"692",5,15,2002,"control","PB","S"
"693",5,16,2002,"control","PF","S"
"694",5,16,2002,"control","PB","S"
"695",5,16,2002,"control","PP","S"
"696",5,16,2002,"control","PP","S"
"697",5,16,2002,"control","PP","S"
"698",5,16,2002,"control","PP","S"
"699",6,15,2002,"control","PP","S"
"700",6,15,2002,"control","PP","S"
"701",6,15,2002,"control","PP","S"
"702",6,15,2002,"control","PB","M"
"703",6,15,2002,"control","PB","R"
"704",6,15,2002,"control","PB","R"
"705",6,16,2002,"control","PB","S"
"706",6,16,2002,"control","PP","M"
"707",6,16,2002,"control","PP","S"
"708",6,16,2002,"control","PP","S"
"709",6,16,2002,"control","PP","S"
"710",6,16,2002,"control","PP","S"
"711",7,13,2002,"control","PP","S"
"712",7,13,2002,"control","PB","M"
"713",7,14,2002,"control","PP","M"
"714",7,14,2002,"control","PP","M"
"715",10,6,2002,"control","PB","M"
"716",10,6,2002,"control","PP","M"
"717",11,10,2002,"control","PB","M"
"718",12,8,2002,"control","PP","M"
"719",12,8,2002,"control","PB","M"
"720",12,29,2002,"control","PB","M"
"721",12,29,2002,"control","PB","M"
"722",12,29,2002,"control","PB","M"
"723",12,29,2002,"control","PB","M"
"724",12,29,2002,"control","PB","M"
"725",12,29,2002,"control","PB","M"
"726",12,29,2002,"control","PB","M"
"727",2,1,2003,"control","RM","M"
"728",2,1,2003,"control","PB","M"
"729",2,1,2003,"control","PB","M"
"730",2,1,2003,"control","PB","M"
"731",2,1,2003,"control","PB","M"
"732",2,1,2003,"control","PB","M"
"733",2,1,2003,"control","PB","M"
"734",2,2,2003,"control","PB","M"
"735",2,2,2003,"control","PB","M"
"736",2,2,2003,"control","PF","M"
"737",3,6,2003,"control","PB","M"
"738",3,6,2003,"control","PB","M"
"739",3,6,2003,"control","PB","M"
"740",3,6,2003,"control","PB","M"
"741",3,6,2003,"control","PP","M"
"742",3,6,2003,"control","PB","M"
"743",3,6,2003,"control","PB","S"
"744",3,6,2003,"control","PB","M"
"745",3,7,2003,"control","PF","M"
"746",3,7,2003,"control","PP","M"
"747",3,7,2003,"control","PP","M"
"748",3,7,2003,"control","PB","M"
"749",3,7,2003,"control","PB","M"
"750",3,7,2003,"control","PP","M"
"751",3,7,2003,"control","PP","M"
"752",3,7,2003,"control","PB","M"
"753",3,7,2003,"control","PP","M"
"754",3,7,2003,"control","PB","M"
"755",3,7,2003,"control","PF","M"
"756",3,7,2003,"control","PP","M"
"757",3,29,2003,"control","PB","M"
"758",3,29,2003,"control","PP","S"
"759",3,29,2003,"control","PB","M"
"760",3,29,2003,"control","PE","M"
"761",3,29,2003,"control","PP","S"
"762",3,29,2003,"control","PB","M"
"763",3,29,2003,"control","PP","S"
"764",3,29,2003,"control","PE","M"
"765",3,29,2003,"control","PB","M"
"766",3,29,2003,"control","PP","M"
"767",3,29,2003,"control","PP","S"
"768",3,29,2003,"control","PP","S"
"769",3,29,2003,"control","PP","S"
"770",3,29,2003,"control","PB","M"
"771",3,29,2003,"control","PP","S"
"772",3,29,2003,"control","PP","S"
"773",3,29,2003,"control","PB","M"
"774",3,29,2003,"control","PB","M"
"775",3,30,2003,"control","PP","M"
"776",3,30,2003,"control","PP","M"
"777",3,30,2003,"control","PB","M"
"778",3,30,2003,"control","PP","M"
"779",3,30,2003,"control","PB","M"
"780",3,30,2003,"control","PP","M"
"781",3,30,2003,"control","PE","S"
"782",3,30,2003,"control","PP","S"
"783",3,30,2003,"control","PP","M"
"784",3,30,2003,"control","PP","M"
"785",3,30,2003,"control","PB","M"
"786",3,30,2003,"control","PB","M"
"787",3,30,2003,"control","PP","M"
"788",3,30,2003,"control","PP","M"
"789",3,30,2003,"control","PP","M"
"790",5,3,2003,"control","RM","M"
"791",5,3,2003,"control","PB","M"
"792",5,3,2003,"control","PB","M"
"793",5,3,2003,"control","PP","M"
"794",5,3,2003,"control","PP","M"
"795",5,3,2003,"control","PP","S"
"796",5,3,2003,"control","PB","M"
"797",5,3,2003,"control","PP","M"
"798",5,3,2003,"control","PP","M"
"799",5,3,2003,"control","PB","M"
"800",5,3,2003,"control","PP","M"
"801",5,3,2003,"control","PB","M"
"802",5,3,2003,"control","PP","S"
"803",5,3,2003,"control","PP","S"
"804",5,3,2003,"control","PP","S"
"805",5,4,2003,"control","PP","M"
"806",5,4,2003,"control","PP","M"
"807",5,4,2003,"control","PP","M"
"808",5,4,2003,"control","PB","M"
"809",5,4,2003,"control","PP","S"
"810",5,4,2003,"control","PP","M"
"811",5,4,2003,"control","PB","M"
"812",5,4,2003,"control","PP","S"
"813",5,4,2003,"control","PP","S"
"814",5,4,2003,"control","PF","M"
"815",5,4,2003,"control","PP","S"
"816",5,4,2003,"control","PP","M"
"817",5,4,2003,"control","PP","M"
"818",5,4,2003,"control","PP","M"
"819",5,28,2003,"control","PB","R"
"820",5,28,2003,"control","PP","S"
"821",5,28,2003,"control","PB","M"
"822",5,28,2003,"control","PB","R"
"823",5,28,2003,"control","PP","M"
"824",5,28,2003,"control","PP","R"
"825",5,28,2003,"control","PP","R"
"826",5,28,2003,"control","PP","R"
"827",5,28,2003,"control","PP","S"
"828",5,28,2003,"control","PP","S"
"829",5,28,2003,"control","PB","M"
"830",5,28,2003,"control","PP","S"
"831",5,28,2003,"control","PB","M"
"832",5,29,2003,"control","PP","R"
"833",5,29,2003,"control","PP","R"
"834",5,29,2003,"control","PP","M"
"835",5,29,2003,"control","PP","R"
"836",5,29,2003,"control","PP","S"
"837",5,29,2003,"control","PP","S"
"838",5,29,2003,"control","PF","S"
"839",5,29,2003,"control","PB","M"
"840",5,29,2003,"control","PP","S"
"841",5,29,2003,"control","PF","S"
"842",5,29,2003,"control","PF","S"
"843",5,29,2003,"control","PP","S"
"844",5,29,2003,"control","PP","S"
"845",5,29,2003,"control","PP","S"
"846",6,28,2003,"control","PB","M"
"847",6,28,2003,"control","PB","R"
"848",6,28,2003,"control","PP","R"
"849",6,29,2003,"control","PP","M"
"850",6,29,2003,"control","PB","M"
"851",6,29,2003,"control","PB","R"
"852",6,29,2003,"control","PP","R"
"853",6,29,2003,"control","PF","R"
"854",6,29,2003,"control","PP","M"
"855",6,29,2003,"control","PP","M"
"856",7,28,2003,"control","PB","M"
"857",7,28,2003,"control","PB","M"
"858",7,28,2003,"control","PB","M"
"859",7,28,2003,"control","PB","M"
"860",7,29,2003,"control","PP","M"
"861",7,29,2003,"control","PF","S"
"862",8,23,2003,"control","PB","R"
"863",8,23,2003,"control","PP","M"
"864",8,23,2003,"control","PB","M"
"865",8,23,2003,"control","PB","S"
"866",8,24,2003,"control","PP","M"
"867",8,24,2003,"control","PF","S"
"868",9,27,2003,"control","PB","M"
"869",9,27,2003,"control","PB","M"
"870",9,27,2003,"control","PB","M"
"871",9,27,2003,"control","PB","M"
"872",9,28,2003,"control","PF","M"
"873",10,25,2003,"control","PB","M"
"874",2,21,2004,"control","PB","M"
"875",2,21,2004,"control","PE","M"
"876",2,22,2004,"control","PP","S"
"877",3,17,2004,"control","PB","M"
"878",3,17,2004,"control","PB","M"
"879",3,18,2004,"control","PP","M"
"880",3,18,2004,"control","PP","M"
"881",4,17,2004,"control","PP","S"
"882",4,17,2004,"control","PP","M"
"883",4,17,2004,"control","PP","S"
"884",4,18,2004,"control","PP","M"
"885",4,18,2004,"control","PP","S"
"886",4,18,2004,"control","PP","M"
"887",4,18,2004,"control","PP","M"
"888",4,18,2004,"control","PP","M"
"889",5,17,2004,"control","PP","S"
"890",5,18,2004,"control","PP","M"
"891",5,18,2004,"control","PP","S"
"892",5,18,2004,"control","PB","S"
"893",5,18,2004,"control","PP","S"
"894",5,18,2004,"control","PP","S"
"895",6,19,2004,"control","PB","M"
"896",6,19,2004,"control","PB","M"
"897",6,20,2004,"control","PP","M"
"898",6,20,2004,"control","PP","M"
"899",6,20,2004,"control","PP","S"
"900",6,20,2004,"control","PP","M"
"901",6,20,2004,"control","PP","M"
"902",7,18,2004,"control","PB","M"
"903",7,18,2004,"control","PP","M"
"904",7,18,2004,"control","PB","M"
"905",7,18,2004,"control","PB","M"
"906",7,19,2004,"control","PP","R"
"907",7,19,2004,"control","PP","M"
"908",7,19,2004,"control","PP","S"
"909",8,19,2004,"control","PB","M"
"910",8,19,2004,"control","PB","M"
"911",8,19,2004,"control","PB","M"
"912",8,20,2004,"control","PB","S"
"913",9,12,2004,"control","PP","M"
"914",9,12,2004,"control","PP","R"
"915",10,16,2004,"control","PB","M"
"916",10,16,2004,"control","PB","S"
"917",11,13,2004,"control","PB","M"
"918",11,13,2004,"control","PB","M"
"919",11,13,2004,"control","PB","M"
"920",12,11,2004,"control","PB","M"
"921",12,11,2004,"control","PB","M"
"922",12,11,2004,"control","PB","M"
"923",1,15,2005,"control","PB","M"
"924",3,12,2005,"control","PP","M"
"925",3,12,2005,"control","PB","M"
"926",3,12,2005,"control","PB","M"
"927",3,12,2005,"control","PP","M"
"928",3,12,2005,"control","PP","M"
"929",3,12,2005,"control","PB","M"
"930",3,13,2005,"control","PP","M"
"931",3,13,2005,"control","PP","M"
"932",3,13,2005,"control","PP","M"
"933",4,9,2005,"control","PP","M"
"934",4,9,2005,"control","PP","S"
"935",4,9,2005,"control","PP","S"
"936",4,9,2005,"control","PP","M"
"937",4,10,2005,"control","PP","S"
"938",4,10,2005,"control","PP","S"
"939",4,10,2005,"control","PP","S"
"940",4,10,2005,"control","PP","R"
"941",4,10,2005,"control","PP","S"
"942",4,10,2005,"control","PB","S"
"943",4,10,2005,"control","PB","S"
"944",4,10,2005,"control","PP","S"
"945",4,10,2005,"control","PP","S"
"946",5,7,2005,"control","PP","S"
"947",5,7,2005,"control","PP","R"
"948",5,7,2005,"control","PP","S"
"949",5,7,2005,"control","PP","S"
"950",5,7,2005,"control","PB","M"
"951",5,8,2005,"control","PP","S"
"952",5,8,2005,"control","PP","S"
"953",5,8,2005,"control","PP","S"
"954",5,8,2005,"control","PP","S"
"955",6,4,2005,"control","PP","R"
"956",6,4,2005,"control","PB","M"
"957",6,4,2005,"control","PP","M"
"958",6,4,2005,"control","PP","S"
"959",6,4,2005,"control","PP","S"
"960",6,5,2005,"control","PP","S"
"961",6,5,2005,"control","PP","S"
"962",6,5,2005,"control","PP","S"
"963",7,9,2005,"control","PE","M"
"964",7,10,2005,"control","PB","M"
"965",7,10,2005,"control","PP","M"
"966",7,10,2005,"control","PP","M"
"967",7,10,2005,"control","PB","M"
"968",8,7,2005,"control","PB","M"
"969",9,30,2005,"control","PP","M"
"970",9,30,2005,"control","PB","M"
"971",9,30,2005,"control","PB","M"
"972",9,30,2005,"control","PB","M"
"973",10,1,2005,"control","PP","M"
"974",10,1,2005,"control","PB","M"
"975",10,1,2005,"control","PB","M"
"976",11,5,2005,"control","PB","M"
"977",11,5,2005,"control","PB","M"
"978",11,5,2005,"control","PB","M"
"979",11,5,2005,"control","PB","M"
"980",11,6,2005,"control","PF","M"
"981",11,6,2005,"control","PB","M"
"982",11,6,2005,"control","PB","M"
"983",1,8,2006,"control","PB","M"
"984",1,8,2006,"control","PB","M"
"985",1,8,2006,"control","PB","M"
"986",1,28,2006,"control","PB","M"
"987",1,28,2006,"control","PB","M"
"988",1,28,2006,"control","PB","M"
"989",1,29,2006,"control","PB","M"
"990",3,4,2006,"control","PB","S"
"991",3,5,2006,"control","PP","S"
"992",3,5,2006,"control","PB","M"
"993",3,5,2006,"control","PB","S"
"994",3,5,2006,"control","PB","M"
"995",3,25,2006,"control","PP","M"
"996",3,25,2006,"control","PP","S"
"997",3,25,2006,"control","PB","M"
"998",3,25,2006,"control","PB","M"
"999",3,25,2006,"control","PB","M"
"1000",3,25,2006,"control","PP","M"
"1001",3,25,2006,"control","PP","S"
"1002",3,25,2006,"control","PP","M"
"1003",3,25,2006,"control","PB","M"
"1004",3,25,2006,"control","PB","M"
"1005",3,26,2006,"control","PP","M"
"1006",3,26,2006,"control","PP","S"
"1007",3,26,2006,"control","PP","S"
"1008",3,26,2006,"control","PP","M"
"1009",3,26,2006,"control","PB","M"
"1010",3,26,2006,"control","PP","M"
"1011",3,26,2006,"control","PP","M"
"1012",4,29,2006,"control","PP","M"
"1013",4,29,2006,"control","PB","M"
"1014",4,29,2006,"control","PP","M"
"1015",4,29,2006,"control","PP","S"
"1016",4,29,2006,"control","PB","S"
"1017",4,29,2006,"control","PP","M"
"1018",4,29,2006,"control","PP","M"
"1019",4,29,2006,"control","PP","S"
"1020",4,29,2006,"control","PP","S"
"1021",4,29,2006,"control","PP","S"
"1022",4,29,2006,"control","PP","S"
"1023",4,29,2006,"control","PP","S"
"1024",4,29,2006,"control","PB","M"
"1025",4,29,2006,"control","PB","M"
"1026",4,29,2006,"control","PP","S"
"1027",4,30,2006,"control","PP","S"
"1028",4,30,2006,"control","PF","M"
"1029",4,30,2006,"control","PP","S"
"1030",4,30,2006,"control","PP","S"
"1031",4,30,2006,"control","PP","S"
"1032",4,30,2006,"control","PP","S"
"1033",4,30,2006,"control","PP","S"
"1034",4,30,2006,"control","PP","S"
"1035",4,30,2006,"control","PB","M"
"1036",4,30,2006,"control","PP","S"
"1037",4,30,2006,"control","PP","S"
"1038",5,27,2006,"control","PP","R"
"1039",5,27,2006,"control","PP","S"
"1040",5,27,2006,"control","PP","S"
"1041",5,27,2006,"control","PM","M"
"1042",5,27,2006,"control","PP","M"
"1043",5,27,2006,"control","PP","R"
"1044",5,27,2006,"control","PP","S"
"1045",5,27,2006,"control","PP","R"
"1046",5,27,2006,"control","PP","R"
"1047",5,27,2006,"control","PB","M"
"1048",5,28,2006,"control","PP","S"
"1049",5,28,2006,"control","PP","S"
"1050",5,28,2006,"control","PP","S"
"1051",5,28,2006,"control","PP","S"
"1052",5,28,2006,"control","PP","S"
"1053",5,28,2006,"control","PP","S"
"1054",5,28,2006,"control","PP","S"
"1055",5,28,2006,"control","PP","M"
"1056",5,28,2006,"control","PP","R"
"1057",5,28,2006,"control","PP","R"
"1058",5,28,2006,"control","PP","S"
"1059",5,28,2006,"control","PP","S"
"1060",6,25,2006,"control","PP","R"
"1061",6,25,2006,"control","PP","R"
"1062",6,25,2006,"control","PP","S"
"1063",6,25,2006,"control","PP","R"
"1064",6,25,2006,"control","PP","R"
"1065",6,25,2006,"control","PP","S"
"1066",6,25,2006,"control","PP","S"
"1067",6,25,2006,"control","PP","R"
"1068",7,22,2006,"control","PP","R"
"1069",7,22,2006,"control","PB","S"
"1070",7,22,2006,"control","PB","S"
"1071",7,22,2006,"control","PP","S"
"1072",7,22,2006,"control","PP","S"
"1073",7,22,2006,"control","PP","S"
"1074",7,22,2006,"control","PB","M"
"1075",7,22,2006,"control","PP","S"
"1076",7,22,2006,"control","PP","M"
"1077",7,22,2006,"control","PB","S"
"1078",7,22,2006,"control","PB","S"
"1079",7,22,2006,"control","PB","S"
"1080",7,22,2006,"control","PB","S"
"1081",7,22,2006,"control","PP","S"
"1082",7,23,2006,"control","PP","M"
"1083",7,23,2006,"control","PP","S"
"1084",7,23,2006,"control","PB","M"
"1085",7,23,2006,"control","PP","M"
"1086",7,23,2006,"control","PP","M"
"1087",7,23,2006,"control","PP","S"
"1088",7,23,2006,"control","PP","S"
"1089",7,23,2006,"control","PP","S"
"1090",7,23,2006,"control","PP","S"
"1091",7,23,2006,"control","PP","S"
"1092",8,20,2006,"control","PB","M"
"1093",8,20,2006,"control","PP","M"
"1094",9,23,2006,"control","PB","M"
"1095",9,23,2006,"control","PP","S"
"1096",9,23,2006,"control","PP","R"
"1097",9,23,2006,"control","PP","S"
"1098",9,23,2006,"control","PB","S"
"1099",9,23,2006,"control","PP","S"
"1100",9,23,2006,"control","PB","M"
"1101",9,23,2006,"control","PB","M"
"1102",9,24,2006,"control","PP","M"
"1103",9,24,2006,"control","PP","M"
"1104",10,21,2006,"control","PP","R"
"1105",10,21,2006,"control","PB","S"
"1106",10,21,2006,"control","PP","R"
"1107",10,21,2006,"control","PB","R"
"1108",10,21,2006,"control","PB","S"
"1109",10,21,2006,"control","PB","M"
"1110",10,22,2006,"control","PP","R"
"1111",10,22,2006,"control","PP","R"
"1112",10,22,2006,"control","PP","R"
"1113",10,22,2006,"control","PB","S"
"1114",10,22,2006,"control","PP","R"
"1115",10,22,2006,"control","PB","R"
"1116",10,22,2006,"control","PP","M"
"1117",10,22,2006,"control","PP","M"
"1118",11,18,2006,"control","PP","R"
"1119",11,18,2006,"control","PB","M"
"1120",11,18,2006,"control","PB","M"
"1121",11,18,2006,"control","PB","M"
"1122",11,18,2006,"control","PP","R"
"1123",11,18,2006,"control","PP","R"
"1124",11,18,2006,"control","PP","R"
"1125",11,18,2006,"control","PP","M"
"1126",11,18,2006,"control","PB","M"
"1127",11,18,2006,"control","PP","R"
"1128",11,18,2006,"control","PB","S"
"1129",11,18,2006,"control","PB","M"
"1130",11,18,2006,"control","PB","M"
"1131",11,19,2006,"control","PP","R"
"1132",11,19,2006,"control","PP","R"
"1133",11,19,2006,"control","PP","R"
"1134",11,19,2006,"control","PM","M"
"1135",11,19,2006,"control","PB","M"
"1136",11,19,2006,"control","PP","M"
"1137",11,19,2006,"control","PB","M"
"1138",11,19,2006,"control","PB","M"
"1139",11,19,2006,"control","PB","S"
"1140",12,16,2006,"control","PB","S"
"1141",12,16,2006,"control","PB","S"
"1142",12,16,2006,"control","PP","R"
"1143",1,21,2007,"control","PP","M"
"1144",1,21,2007,"control","PB","M"
"1145",1,21,2007,"control","PB","R"
"1146",1,21,2007,"control","PB","M"
"1147",1,21,2007,"control","PP","M"
"1148",1,21,2007,"control","PP","M"
"1149",1,21,2007,"control","PB","M"
"1150",1,21,2007,"control","PB","M"
"1151",1,21,2007,"control","PB","M"
"1152",1,21,2007,"control","PB","M"
"1153",1,21,2007,"control","PB","R"
"1154",2,17,2007,"control","PP","M"
"1155",2,17,2007,"control","PB","M"
"1156",2,17,2007,"control","PB","M"
"1157",2,17,2007,"control","PB","M"
"1158",2,17,2007,"control","PB","M"
"1159",2,17,2007,"control","PB","M"
"1160",2,17,2007,"control","PB","M"
"1161",2,17,2007,"control","PP","M"
"1162",2,17,2007,"control","PP","R"
"1163",2,17,2007,"control","PP","R"
"1164",2,17,2007,"control","PP","S"
"1165",2,17,2007,"control","PB","M"
"1166",2,17,2007,"control","PP","M"
"1167",2,17,2007,"control","PB","M"
"1168",2,17,2007,"control","PP","R"
"1169",2,17,2007,"control","PP","M"
"1170",2,17,2007,"control","PB","R"
"1171",2,17,2007,"control","PB","R"
"1172",2,17,2007,"control","PB","R"
"1173",2,17,2007,"control","PB","S"
"1174",2,18,2007,"control","PB","M"
"1175",2,18,2007,"control","PB","M"
"1176",2,18,2007,"control","PB","M"
"1177",2,18,2007,"control","PB","M"
"1178",2,18,2007,"control","PP","M"
"1179",2,18,2007,"control","PP","M"
"1180",2,18,2007,"control","PP","M"
"1181",2,18,2007,"control","PB","M"
"1182",2,18,2007,"control","PB","M"
"1183",2,18,2007,"control","PP","M"
"1184",2,18,2007,"control","PP","S"
"1185",2,18,2007,"control","PP","M"
"1186",2,18,2007,"control","PB","M"
"1187",3,17,2007,"control","PP","M"
"1188",3,17,2007,"control","PB","M"
"1189",3,17,2007,"control","PB","M"
"1190",3,17,2007,"control","PB","R"
"1191",3,17,2007,"control","PP","S"
"1192",3,17,2007,"control","PP","R"
"1193",3,17,2007,"control","PP","S"
"1194",3,17,2007,"control","PB","M"
"1195",3,17,2007,"control","PB","S"
"1196",3,17,2007,"control","PB","M"
"1197",3,17,2007,"control","PP","S"
"1198",3,17,2007,"control","RM","M"
"1199",3,17,2007,"control","PB","S"
"1200",3,17,2007,"control","PE","S"
"1201",3,17,2007,"control","PB","R"
"1202",3,17,2007,"control","PP","S"
"1203",3,17,2007,"control","PP","R"
"1204",3,17,2007,"control","PP","R"
"1205",3,17,2007,"control","PP","R"
"1206",3,17,2007,"control","PP","R"
"1207",3,17,2007,"control","PB","M"
"1208",3,17,2007,"control","PP","S"
"1209",3,17,2007,"control","PP","S"
"1210",3,17,2007,"control","PP","S"
"1211",3,17,2007,"control","PP","S"
"1212",3,17,2007,"control","PP","S"
"1213",3,17,2007,"control","PP","S"
"1214",3,17,2007,"control","PP","M"
"1215",3,17,2007,"control","PP","S"
"1216",3,17,2007,"control","PP","S"
"1217",3,17,2007,"control","PB","M"
"1218",3,17,2007,"control","PP","S"
"1219",3,17,2007,"control","PP","R"
"1220",3,17,2007,"control","PP","R"
"1221",3,17,2007,"control","PP","S"
"1222",3,17,2007,"control","PP","S"
"1223",3,17,2007,"control","PB","S"
"1224",3,17,2007,"control","PP","S"
"1225",3,17,2007,"control","PP","R"
"1226",3,18,2007,"control","PP","M"
"1227",3,18,2007,"control","PF","S"
"1228",3,18,2007,"control","PP","S"
"1229",3,18,2007,"control","PP","M"
"1230",3,18,2007,"control","PB","S"
"1231",3,18,2007,"control","PB","S"
"1232",3,18,2007,"control","PP","S"
"1233",3,18,2007,"control","PP","S"
"1234",3,18,2007,"control","PP","M"
"1235",3,18,2007,"control","PP","M"
"1236",3,18,2007,"control","PP","R"
"1237",3,18,2007,"control","PB","M"
"1238",3,18,2007,"control","PP","R"
"1239",3,18,2007,"control","PP","S"
"1240",3,18,2007,"control","PB","S"
"1241",3,18,2007,"control","PP","S"
"1242",3,18,2007,"control","PP","S"
"1243",3,18,2007,"control","PP","S"
"1244",3,18,2007,"control","PP","S"
"1245",3,18,2007,"control","PP","S"
"1246",3,18,2007,"control","PP","S"
"1247",3,18,2007,"control","PP","S"
"1248",3,18,2007,"control","PP","R"
"1249",3,18,2007,"control","PP","R"
"1250",3,18,2007,"control","PP","S"
"1251",3,18,2007,"control","PB","M"
"1252",3,18,2007,"control","PP","S"
"1253",3,18,2007,"control","PP","S"
"1254",3,18,2007,"control","PP","S"
"1255",3,18,2007,"control","PP","S"
"1256",3,18,2007,"control","PB","S"
"1257",3,18,2007,"control","PB","S"
"1258",4,14,2007,"control","PB","M"
"1259",4,14,2007,"control","PB","R"
"1260",4,14,2007,"control","PP","S"
"1261",4,14,2007,"control","PB","M"
"1262",4,14,2007,"control","PB","M"
"1263",4,14,2007,"control","PB","M"
"1264",4,14,2007,"control","PB","R"
"1265",4,14,2007,"control","PP","R"
"1266",4,14,2007,"control","PB","M"
"1267",4,14,2007,"control","PB","M"
"1268",4,14,2007,"control","PP","S"
"1269",4,14,2007,"control","PP","R"
"1270",4,14,2007,"control","PP","S"
"1271",4,14,2007,"control","PB","S"
"1272",4,14,2007,"control","PB","S"
"1273",4,14,2007,"control","PP","S"
"1274",4,14,2007,"control","PP","S"
"1275",4,14,2007,"control","PB","S"
"1276",4,14,2007,"control","PB","S"
"1277",4,14,2007,"control","PP","M"
"1278",4,15,2007,"control","PP","M"
"1279",4,15,2007,"control","PP","R"
"1280",4,15,2007,"control","PB","S"
"1281",4,15,2007,"control","PP","R"
"1282",4,15,2007,"control","PP","S"
"1283",4,15,2007,"control","PP","S"
"1284",4,15,2007,"control","PB","R"
"1285",4,15,2007,"control","PB","R"
"1286",4,15,2007,"control","PP","R"
"1287",4,15,2007,"control","PP","S"
"1288",4,15,2007,"control","PP","S"
"1289",4,15,2007,"control","PP","S"
"1290",4,15,2007,"control","PP","S"
"1291",4,15,2007,"control","PP","S"
"1292",4,15,2007,"control","PP","S"
"1293",4,15,2007,"control","PP","S"
"1294",4,15,2007,"control","PP","R"
"1295",4,15,2007,"control","PP","S"
"1296",4,15,2007,"control","PP","S"
"1297",4,15,2007,"control","PB","R"
"1298",4,15,2007,"control","PP","R"
"1299",5,19,2007,"control","PP","S"
"1300",5,19,2007,"control","PB","R"
"1301",5,19,2007,"control","PB","R"
"1302",5,19,2007,"control","PP","S"
"1303",5,19,2007,"control","PP","S"
"1304",5,19,2007,"control","PB","S"
"1305",5,19,2007,"control","PB","M"
"1306",5,19,2007,"control","PB","R"
"1307",5,19,2007,"control","PP","S"
"1308",5,19,2007,"control","PP","S"
"1309",5,19,2007,"control","PP","S"
"1310",5,19,2007,"control","PB","S"
"1311",5,19,2007,"control","PP","S"
"1312",5,19,2007,"control","PB","R"
"1313",5,20,2007,"control","PP","S"
"1314",5,20,2007,"control","PB","R"
"1315",5,20,2007,"control","PB","R"
"1316",5,20,2007,"control","PP","M"
"1317",5,20,2007,"control","PP","S"
"1318",5,20,2007,"control","PB","R"
"1319",5,20,2007,"control","PP","R"
"1320",5,20,2007,"control","PP","R"
"1321",5,20,2007,"control","PB","R"
"1322",5,20,2007,"control","PP","S"
"1323",5,20,2007,"control","PP","S"
"1324",5,20,2007,"control","PP","S"
"1325",5,20,2007,"control","PE","S"
"1326",5,20,2007,"control","PP","S"
"1327",5,20,2007,"control","PP","M"
"1328",5,20,2007,"control","PP","S"
"1329",5,20,2007,"control","PP","R"
"1330",5,20,2007,"control","PP","R"
"1331",5,20,2007,"control","PB","S"
"1332",5,20,2007,"control","PM","R"
"1333",5,20,2007,"control","PP","S"
"1334",5,20,2007,"control","PP","S"
"1335",5,20,2007,"control","PP","S"
"1336",6,16,2007,"control","PP","R"
"1337",6,16,2007,"control","PP","R"
"1338",6,16,2007,"control","PB","S"
"1339",6,16,2007,"control","PP","S"
"1340",6,16,2007,"control","PB","M"
"1341",6,16,2007,"control","PB","R"
"1342",6,16,2007,"control","PP","S"
"1343",6,16,2007,"control","RM","M"
"1344",6,16,2007,"control","PB","S"
"1345",6,16,2007,"control","PB","S"
"1346",6,17,2007,"control","PP","R"
"1347",6,17,2007,"control","PP","R"
"1348",6,17,2007,"control","PP","S"
"1349",6,17,2007,"control","PP","S"
"1350",6,17,2007,"control","PP","S"
"1351",6,17,2007,"control","PP","R"
"1352",6,17,2007,"control","PP","R"
"1353",6,17,2007,"control","PB","R"
"1354",6,17,2007,"control","PP","R"
"1355",6,17,2007,"control","PP","R"
"1356",6,17,2007,"control","PP","S"
"1357",6,17,2007,"control","PP","S"
"1358",6,17,2007,"control","PB","S"
"1359",6,17,2007,"control","PP","S"
"1360",6,17,2007,"control","PP","S"
"1361",7,14,2007,"control","PP","R"
"1362",7,14,2007,"control","PB","R"
"1363",7,14,2007,"control","PB","R"
"1364",7,14,2007,"control","PP","R"
"1365",7,15,2007,"control","PP","R"
"1366",7,15,2007,"control","PP","R"
"1367",7,15,2007,"control","PP","R"
"1368",7,15,2007,"control","PB","M"
"1369",8,11,2007,"control","PM","M"
"1370",8,11,2007,"control","PB","M"
"1371",8,11,2007,"control","PB","M"
"1372",8,11,2007,"control","PP","M"
"1373",8,11,2007,"control","PB","S"
"1374",9,8,2007,"control","PB","R"
"1375",9,8,2007,"control","PM","R"
"1376",9,8,2007,"control","PP","R"
"1377",9,8,2007,"control","PB","M"
"1378",9,9,2007,"control","PB","M"
"1379",9,9,2007,"control","PB","M"
"1380",9,9,2007,"control","PP","M"
"1381",9,9,2007,"control","PB","M"
"1382",9,9,2007,"control","PP","M"
"1383",9,9,2007,"control","PB","M"
"1384",10,14,2007,"control","PB","R"
"1385",3,9,2008,"control","PB","M"
"1386",3,9,2008,"control","PB","M"
"1387",3,9,2008,"control","PB","M"
"1388",3,9,2008,"control","PB","M"
"1389",3,10,2008,"control","PP","R"
"1390",4,6,2008,"control","PB","M"
"1391",4,6,2008,"control","PP","M"
"1392",4,6,2008,"control","PB","M"
"1393",4,6,2008,"control","PB","M"
"1394",4,6,2008,"control","PB","M"
"1395",4,6,2008,"control","PP","M"
"1396",4,6,2008,"control","PP","M"
"1397",4,6,2008,"control","PP","S"
"1398",4,6,2008,"control","PB","M"
"1399",4,7,2008,"control","PP","M"
"1400",4,7,2008,"control","PP","M"
"1401",4,7,2008,"control","PP","M"
"1402",4,7,2008,"control","PP","M"
"1403",4,7,2008,"control","PP","M"
"1404",4,7,2008,"control","PP","M"
"1405",4,7,2008,"control","PP","M"
"1406",4,7,2008,"control","PP","M"
"1407",4,7,2008,"control","PB","M"
"1408",4,7,2008,"control","PB","R"
"1409",4,7,2008,"control","PP","S"
"1410",4,7,2008,"control","PP","M"
"1411",5,3,2008,"control","PP","M"
"1412",5,3,2008,"control","PP","S"
"1413",5,3,2008,"control","PP","R"
"1414",5,3,2008,"control","PB","R"
"1415",5,3,2008,"control","PB","M"
"1416",5,3,2008,"control","PP","S"
"1417",5,3,2008,"control","PP","M"
"1418",5,3,2008,"control","PB","M"
"1419",5,3,2008,"control","PB","M"
"1420",5,3,2008,"control","PB","M"
"1421",5,4,2008,"control","PP","M"
"1422",5,4,2008,"control","PB","R"
"1423",5,4,2008,"control","PP","M"
"1424",5,4,2008,"control","PP","M"
"1425",5,4,2008,"control","PP","M"
"1426",5,4,2008,"control","PP","M"
"1427",5,4,2008,"control","PP","M"
"1428",5,4,2008,"control","PP","M"
"1429",5,4,2008,"control","PP","M"
"1430",5,4,2008,"control","PB","R"
"1431",5,4,2008,"control","PP","M"
"1432",5,4,2008,"control","PP","M"
"1433",5,4,2008,"control","PP","M"
"1434",5,4,2008,"control","PP","M"
"1435",5,4,2008,"control","PP","S"
"1436",6,7,2008,"control","PP","M"
"1437",6,7,2008,"control","PP","M"
"1438",6,7,2008,"control","PB","M"
"1439",6,7,2008,"control","PP","M"
"1440",6,7,2008,"control","PB","M"
"1441",6,8,2008,"control","PP","M"
"1442",6,8,2008,"control","PP","M"
"1443",6,8,2008,"control","PP","M"
"1444",6,8,2008,"control","PP","M"
"1445",6,8,2008,"control","PP","M"
"1446",6,8,2008,"control","PP","M"
"1447",6,8,2008,"control","PP","S"
"1448",6,8,2008,"control","PP","S"
"1449",6,8,2008,"control","PP","S"
"1450",6,8,2008,"control","PM","M"
"1451",6,8,2008,"control","PM","M"
"1452",6,28,2008,"control","PB","M"
"1453",6,28,2008,"control","PB","M"
"1454",6,28,2008,"control","PP","S"
"1455",6,28,2008,"control","PP","M"
"1456",6,28,2008,"control","PM","M"
"1457",6,28,2008,"control","PF","M"
"1458",6,28,2008,"control","PP","R"
"1459",6,28,2008,"control","PB","M"
"1460",6,28,2008,"control","PB","R"
"1461",6,28,2008,"control","PB","M"
"1462",6,28,2008,"control","PB","M"
"1463",6,29,2008,"control","PP","M"
"1464",6,29,2008,"control","PF","M"
"1465",6,29,2008,"control","PP","M"
"1466",6,29,2008,"control","PP","M"
"1467",6,29,2008,"control","PF","S"
"1468",6,29,2008,"control","PP","M"
"1469",6,29,2008,"control","PP","M"
"1470",6,29,2008,"control","PP","M"
"1471",6,29,2008,"control","PF","M"
"1472",6,29,2008,"control","PB","M"
"1473",6,29,2008,"control","PB","M"
"1474",6,29,2008,"control","PP","S"
"1475",6,29,2008,"control","PP","S"
"1476",6,29,2008,"control","PF","S"
"1477",7,26,2008,"control","PP","M"
"1478",7,26,2008,"control","PP","M"
"1479",7,26,2008,"control","PF","S"
"1480",7,27,2008,"control","PF","M"
"1481",7,27,2008,"control","PP","M"
"1482",7,27,2008,"control","PP","M"
"1483",8,30,2008,"control","PP","M"
"1484",8,30,2008,"control","PB","R"
"1485",8,31,2008,"control","PP","M"
"1486",8,31,2008,"control","PP","M"
"1487",9,27,2008,"control","PP","M"
"1488",9,28,2008,"control","PF","S"
"1489",2,21,2009,"control","PB","M"
"1490",3,21,2009,"control","PP","M"
"1491",3,21,2009,"control","PP","M"
"1492",3,21,2009,"control","PP","M"
"1493",3,21,2009,"control","PP","S"
"1494",3,21,2009,"control","PB","M"
"1495",3,22,2009,"control","PP","M"
"1496",3,22,2009,"control","PP","M"
"1497",4,26,2009,"control","PP","M"
"1498",4,26,2009,"control","PP","M"
"1499",4,26,2009,"control","PB","M"
"1500",4,26,2009,"control","PP","M"
"1501",4,26,2009,"control","PB","M"
"1502",4,26,2009,"control","PB","M"
"1503",4,26,2009,"control","PP","M"
"1504",4,26,2009,"control","PP","M"
"1505",4,26,2009,"control","PB","M"
"1506",4,27,2009,"control","PP","M"
"1507",4,27,2009,"control","PP","M"
"1508",4,27,2009,"control","PP","M"
"1509",4,27,2009,"control","PP","M"
"1510",5,23,2009,"control","PP","M"
"1511",5,23,2009,"control","PP","S"
"1512",5,23,2009,"control","PP","M"
"1513",5,23,2009,"control","PP","R"
"1514",5,23,2009,"control","PP","M"
"1515",5,23,2009,"control","PP","M"
"1516",5,23,2009,"control","PP","S"
"1517",5,23,2009,"control","PP","M"
"1518",5,23,2009,"control","PP","S"
"1519",5,23,2009,"control","PB","M"
"1520",5,24,2009,"control","PP","M"
"1521",5,24,2009,"control","PP","M"
"1522",5,24,2009,"control","PP","S"
"1523",5,24,2009,"control","PP","M"
"1524",5,24,2009,"control","PP","M"
"1525",5,24,2009,"control","PP","M"
"1526",5,24,2009,"control","PF","M"
"1527",5,24,2009,"control","PP","S"
"1528",5,24,2009,"control","PP","S"
"1529",5,24,2009,"control","PP","S"
"1530",5,24,2009,"control","PP","S"
"1531",6,20,2009,"control","PP","M"
"1532",6,20,2009,"control","PP","M"
"1533",6,20,2009,"control","PB","M"
"1534",6,20,2009,"control","PP","R"
"1535",6,20,2009,"control","PP","R"
"1536",6,20,2009,"control","PB","R"
"1537",6,21,2009,"control","PP","M"
"1538",6,21,2009,"control","PP","S"
"1539",6,21,2009,"control","PP","R"
"1540",7,29,2009,"control","PP","S"
"1541",7,29,2009,"control","PB","R"
"1542",7,30,2009,"control","PP","S"
"1543",8,22,2009,"control","PP","R"
"1544",8,22,2009,"control","PB","R"
"1545",8,23,2009,"control","PP","R"
"1546",9,19,2009,"control","PB","R"
"1547",10,18,2009,"control","PB","R"
"1548",10,18,2009,"control","PB","M"
"1549",4,17,2010,"control","PP","S"
"1550",4,17,2010,"control","PP","S"
"1551",4,17,2010,"control","PP","S"
"1552",4,17,2010,"control","PB","S"
"1553",5,15,2010,"control","PB","R"
"1554",5,16,2010,"control","PP","R"
"1555",5,16,2010,"control","PP","S"
"1556",5,16,2010,"control","PP","R"
"1557",5,16,2010,"control","PP","R"
"1558",7,10,2010,"control","PP","S"
"1559",7,10,2010,"control","PP","S"
"1560",7,11,2010,"control","PP","M"
"1561",7,11,2010,"control","PP","S"
"1562",9,5,2010,"control","PP","M"
"1563",9,5,2010,"control","PP","M"
"1564",9,6,2010,"control","PP","M"
"1565",4,2,2011,"control","PP","S"
"1566",4,3,2011,"control","PP","S"
"1567",4,3,2011,"control","PP","R"
"1568",4,3,2011,"control","PP","S"
"1569",4,3,2011,"control","PP","M"
"1570",4,3,2011,"control","PP","M"
"1571",4,3,2011,"control","PP","M"
"1572",4,3,2011,"control","PP","M"
"1573",5,8,2011,"control","PP","R"
"1574",5,8,2011,"control","PP","M"
"1575",5,8,2011,"control","PP","R"
"1576",5,7,2011,"control","PP","R"
"1577",5,7,2011,"control","PP","R"
"1578",5,7,2011,"control","PP","R"
"1579",5,7,2011,"control","PP","R"
"1580",5,7,2011,"control","PP","S"
"1581",5,8,2011,"control","PP","M"
"1582",5,8,2011,"control","PP","M"
"1583",5,8,2011,"control","PP","M"
"1584",5,26,2011,"control","PP","S"
"1585",5,26,2011,"control","PP","R"
"1586",5,26,2011,"control","PP","R"
"1587",5,26,2011,"control","PP","S"
"1588",5,26,2011,"control","PP","S"
"1589",5,26,2011,"control","PP","S"
"1590",5,27,2011,"control","PP","R"
"1591",5,27,2011,"control","PP","R"
"1592",5,27,2011,"control","PP","R"
"1593",5,27,2011,"control","PP","S"
"1594",5,27,2011,"control","PP","R"
"1595",7,3,2011,"control","PP","R"
"1596",7,3,2011,"control","PP","S"
"1597",7,3,2011,"control","PP","R"
"1598",7,2,2011,"control","PP","R"
"1599",7,2,2011,"control","PP","R"
"1600",7,2,2011,"control","PP","S"
"1601",7,2,2011,"control","PP","R"
"1602",7,2,2011,"control","PP","S"
"1603",8,6,2011,"control","PP","S"
"1604",8,6,2011,"control","PP","R"
"1605",8,6,2011,"control","PP","S"
"1606",8,6,2011,"control","PP","M"
"1607",8,7,2011,"control","PP","R"
"1608",8,7,2011,"control","PP","S"
"1609",8,7,2011,"control","PP","M"
"1610",8,7,2011,"control","PP","R"
"1611",8,7,2011,"control","PP","R"
"1612",8,28,2011,"control","PP","M"
"1613",8,28,2011,"control","PP","M"
"1614",8,28,2011,"control","PP","S"
"1615",8,28,2011,"control","PP","M"
"1616",8,28,2011,"control","PP","S"
"1617",8,28,2011,"control","PP","R"
"1618",8,28,2011,"control","PP","M"
"1619",10,1,2011,"control","PP","M"
"1620",10,1,2011,"control","PP","M"
"1621",10,1,2011,"control","PP","M"
"1622",10,1,2011,"control","PP","M"
"1623",10,2,2011,"control","PP","M"
"1624",10,2,2011,"control","PP","M"
"1625",10,2,2011,"control","PP","M"
"1626",10,2,2011,"control","PP","M"
"1627",10,2,2011,"control","PP","M"
"1628",10,2,2011,"control","PP","M"
"1629",10,23,2011,"control","PP","R"
"1630",2,19,2012,"control","PP","M"
"1631",2,20,2012,"control","PP","M"
"1632",2,20,2012,"control","PP","M"
"1633",2,20,2012,"control","PP","M"
"1634",3,12,2012,"control","PP","M"
"1635",3,12,2012,"control","PP","M"
"1636",3,12,2012,"control","PP","S"
"1637",3,12,2012,"control","PP","S"
"1638",3,12,2012,"control","PP","M"
"1639",3,12,2012,"control","PB","M"
"1640",3,13,2012,"control","PP","M"
"1641",3,13,2012,"control","PF","M"
"1642",3,13,2012,"control","PF","M"
"1643",3,13,2012,"control","PP","M"
"1644",3,13,2012,"control","PF","M"
"1645",3,13,2012,"control","PP","M"
"1646",3,13,2012,"control","PP","S"
"1647",3,13,2012,"control","PP","M"
"1648",3,13,2012,"control","PP","M"
"1649",3,13,2012,"control","PP","M"
"1650",3,13,2012,"control","PP","M"
"1651",3,13,2012,"control","PP","M"
"1652",3,13,2012,"control","PP","M"
"1653",3,13,2012,"control","PP","S"
"1654",3,13,2012,"control","PP","M"
"1655",3,13,2012,"control","PP","M"
"1656",3,13,2012,"control","PP","M"
"1657",3,13,2012,"control","PF","M"
"1658",3,13,2012,"control","PP","S"
"1659",3,13,2012,"control","PP","M"
"1660",3,13,2012,"control","PP","M"
"1661",3,13,2012,"control","PP","M"
"1662",4,21,2012,"control","PP","M"
"1663",4,21,2012,"control","PP","M"
"1664",4,21,2012,"control","PP","R"
"1665",4,21,2012,"control","PP","M"
"1666",4,21,2012,"control","PP","M"
"1667",4,21,2012,"control","PP","S"
"1668",4,21,2012,"control","PP","M"
"1669",4,21,2012,"control","PP","M"
"1670",4,21,2012,"control","PP","S"
"1671",4,21,2012,"control","PP","M"
"1672",4,21,2012,"control","PP","M"
"1673",4,21,2012,"control","PP","M"
"1674",4,21,2012,"control","PP","S"
"1675",4,21,2012,"control","PP","M"
"1676",4,21,2012,"control","PP","M"
"1677",4,21,2012,"control","PP","M"
"1678",4,22,2012,"control","PP","S"
"1679",4,22,2012,"control","PP","M"
"1680",4,22,2012,"control","PP","M"
"1681",4,22,2012,"control","PP","M"
"1682",4,22,2012,"control","PP","M"
"1683",4,22,2012,"control","PP","M"
"1684",4,22,2012,"control","PP","M"
"1685",4,22,2012,"control","PP","M"
"1686",4,22,2012,"control","PP","M"
"1687",4,22,2012,"control","PP","S"
"1688",4,22,2012,"control","PP","M"
"1689",4,22,2012,"control","PP","M"
"1690",4,22,2012,"control","PP","M"
"1691",4,22,2012,"control","PF","M"
"1692",4,22,2012,"control","PP","M"
"1693",4,22,2012,"control","PP","M"
"1694",4,22,2012,"control","PP","M"
"1695",5,26,2012,"control","PP","R"
"1696",5,26,2012,"control","PP","R"
"1697",5,26,2012,"control","PP","R"
"1698",5,26,2012,"control","PP","R"
"1699",5,26,2012,"control","PP","R"
"1700",5,26,2012,"control","PB","R"
"1701",5,26,2012,"control","PP","R"
"1702",5,26,2012,"control","PP","M"
"1703",5,26,2012,"control","PP","M"
"1704",5,26,2012,"control","PP","R"
"1705",5,26,2012,"control","PF","M"
"1706",5,26,2012,"control","PP","M"
"1707",5,26,2012,"control","PP","M"
"1708",5,27,2012,"control","PP","R"
"1709",5,27,2012,"control","PP","S"
"1710",6,16,2012,"control","PP","M"
"1711",6,16,2012,"control","PP","S"
"1712",6,17,2012,"control","PF","M"
"1713",6,17,2012,"control","PP","M"
"1714",6,17,2012,"control","PP","S"
"1715",6,17,2012,"control","PP","S"
"1716",7,28,2012,"control","PP","M"
"1717",7,29,2012,"control","PP","M"
"1718",7,29,2012,"control","PB","M"
"1719",8,19,2012,"control","PF","M"
"1720",8,19,2012,"control","PB","M"
"1721",8,19,2012,"control","PP","R"
"1722",9,15,2012,"control","PE","R"
"1723",9,16,2012,"control","PB","R"
"1724",9,16,2012,"control","PP","R"
"1725",2,16,2013,"control","PB","M"
"1726",3,13,2013,"control","PB","M"
"1727",3,14,2013,"control","PF","S"
"1728",3,14,2013,"control","PP","S"
"1729",4,13,2013,"control","PP","M"
"1730",4,13,2013,"control","PP","M"
"1731",4,13,2013,"control","PP","S"
"1732",4,13,2013,"control","PP","M"
"1733",4,13,2013,"control","PP","R"
"1734",4,13,2013,"control","PB","R"
"1735",4,13,2013,"control","PP","S"
"1736",4,13,2013,"control","PP","S"
"1737",4,13,2013,"control","PP","M"
"1738",4,13,2013,"control","PP","S"
"1739",4,13,2013,"control","PP","S"
"1740",4,13,2013,"control","PP","S"
"1741",4,13,2013,"control","PP","S"
"1742",4,14,2013,"control","PP","S"
"1743",4,14,2013,"control","PP","R"
"1744",4,14,2013,"control","PP","S"
"1745",4,14,2013,"control","PP","S"
"1746",4,14,2013,"control","PP","S"
"1747",4,14,2013,"control","PP","S"
"1748",4,14,2013,"control","PP","S"
"1749",4,14,2013,"control","PP","R"
"1750",4,14,2013,"control","PP","R"
"1751",4,14,2013,"control","PP","S"
"1752",5,11,2013,"control","PP","S"
"1753",5,11,2013,"control","PP","S"
"1754",5,11,2013,"control","PP","S"
"1755",5,11,2013,"control","PP","S"
"1756",5,11,2013,"control","PP","S"
"1757",5,11,2013,"control","PP","S"
"1758",5,11,2013,"control","PP","S"
"1759",5,12,2013,"control","PP","S"
"1760",5,12,2013,"control","PP","S"
"1761",5,12,2013,"control","PP","S"
"1762",5,12,2013,"control","PP","S"
"1763",5,12,2013,"control","PP","S"
"1764",5,12,2013,"control","PP","S"
"1765",5,12,2013,"control","PP","S"
"1766",5,12,2013,"control","PP","S"
"1767",5,12,2013,"control","PP","S"
"1768",5,12,2013,"control","PP","S"
"1769",5,12,2013,"control","PP","S"
"1770",5,12,2013,"control","PP","S"
"1771",5,12,2013,"control","PP","S"
"1772",5,12,2013,"control","PP","S"
"1773",7,6,2013,"control","PP","M"
"1774",7,6,2013,"control","PP","M"
"1775",7,6,2013,"control","PP","M"
"1776",7,6,2013,"control","PB","M"
"1777",7,6,2013,"control","PP","M"
"1778",7,6,2013,"control","PP","M"
"1779",7,6,2013,"control","PP","R"
"1780",7,7,2013,"control","PP","R"
"1781",7,7,2013,"control","PP","S"
"1782",7,7,2013,"control","PP","S"
"1783",7,7,2013,"control","PP","S"
"1784",7,7,2013,"control","PP","S"
"1785",9,14,2013,"control","PB","R"
"1786",9,14,2013,"control","PP","S"
"1787",11,2,2013,"control","PE","S"
"1788",12,29,2013,"control","PB","M"
"1789",12,29,2013,"control","PB","R"
"1790",12,29,2013,"control","RM","M"
"1791",3,1,2014,"control","PP","S"
"1792",3,1,2014,"control","PP","S"
"1793",3,1,2014,"control","PP","S"
"1794",3,1,2014,"control","PP","S"
"1795",3,1,2014,"control","PB","S"
"1796",3,1,2014,"control","PP","S"
"1797",3,1,2014,"control","PP","S"
"1798",3,2,2014,"control","PP","S"
"1799",3,2,2014,"control","PP","S"
"1800",3,29,2014,"control","PP","S"
"1801",3,29,2014,"control","PP","S"
"1802",3,29,2014,"control","PP","S"
"1803",3,29,2014,"control","PP","S"
"1804",3,29,2014,"control","PB","S"
"1805",3,29,2014,"control","PP","S"
"1806",3,29,2014,"control","PP","S"
"1807",3,29,2014,"control","PP","S"
"1808",3,29,2014,"control","PP","S"
"1809",3,29,2014,"control","RM","M"
"1810",3,29,2014,"control","PP","S"
"1811",3,29,2014,"control","PP","S"
"1812",3,29,2014,"control","PP","S"
"1813",3,29,2014,"control","PB","S"
"1814",3,29,2014,"control","PP","S"
"1815",3,29,2014,"control","PP","S"
"1816",3,30,2014,"control","PP","S"
"1817",3,30,2014,"control","PP","S"
"1818",3,30,2014,"control","PP","S"
"1819",3,30,2014,"control","PP","S"
"1820",3,30,2014,"control","PP","S"
"1821",3,30,2014,"control","PP","S"
"1822",3,30,2014,"control","PP","S"
"1823",3,30,2014,"control","PP","S"
"1824",3,30,2014,"control","PP","S"
"1825",3,30,2014,"control","PP","S"
"1826",3,30,2014,"control","PP","S"
"1827",3,30,2014,"control","PP","S"
"1828",3,30,2014,"control","PP","S"
"1829",4,26,2014,"control","PP","S"
"1830",4,26,2014,"control","PP","S"
"1831",4,26,2014,"control","PP","S"
"1832",4,26,2014,"control","PP","S"
"1833",4,26,2014,"control","PB","S"
"1834",4,26,2014,"control","PP","S"
"1835",4,26,2014,"control","PP","S"
"1836",4,26,2014,"control","PP","S"
"1837",4,26,2014,"control","PP","S"
"1838",4,26,2014,"control","PP","S"
"1839",4,26,2014,"control","PP","S"
"1840",4,26,2014,"control","PP","S"
"1841",4,26,2014,"control","PP","S"
"1842",4,26,2014,"control","PP","S"
"1843",4,26,2014,"control","PB","S"
"1844",4,26,2014,"control","PP","S"
"1845",4,27,2014,"control","PP","S"
"1846",4,27,2014,"control","PP","S"
"1847",4,27,2014,"control","PP","S"
"1848",4,27,2014,"control","PP","S"
"1849",4,27,2014,"control","PP","S"
"1850",4,27,2014,"control","PP","S"
"1851",4,27,2014,"control","PP","S"
"1852",4,27,2014,"control","PP","S"
"1853",4,27,2014,"control","PP","S"
"1854",4,27,2014,"control","PP","S"
"1855",4,27,2014,"control","PP","S"
"1856",4,27,2014,"control","PP","S"
"1857",4,27,2014,"control","PP","S"
"1858",4,27,2014,"control","PP","S"
"1859",4,27,2014,"control","PP","S"
"1860",5,31,2014,"control","PP","S"
"1861",5,31,2014,"control","PP","S"
"1862",5,31,2014,"control","PP","S"
"1863",5,31,2014,"control","PP","S"
"1864",5,31,2014,"control","PP","S"
"1865",5,31,2014,"control","PP","S"
"1866",5,31,2014,"control","PP","S"
"1867",5,31,2014,"control","PP","S"
"1868",5,31,2014,"control","PP","S"
"1869",5,31,2014,"control","PP","S"
"1870",5,31,2014,"control","PP","M"
"1871",5,31,2014,"control","PP","S"
"1872",5,31,2014,"control","PP","S"
"1873",5,31,2014,"control","PP","S"
"1874",5,31,2014,"control","PP","M"
"1875",5,31,2014,"control","PP","M"
"1876",5,31,2014,"control","PP","M"
"1877",5,31,2014,"control","PP","S"
"1878",6,1,2014,"control","PP","S"
"1879",6,1,2014,"control","PP","M"
"1880",6,1,2014,"control","PP","S"
"1881",6,1,2014,"control","PP","S"
"1882",6,1,2014,"control","PP","S"
"1883",6,1,2014,"control","PP","S"
"1884",6,1,2014,"control","PP","S"
"1885",6,1,2014,"control","PP","S"
"1886",6,1,2014,"control","PP","S"
"1887",6,1,2014,"control","PP","S"
"1888",6,1,2014,"control","PP","S"
"1889",6,1,2014,"control","PP","S"
"1890",6,1,2014,"control","PP","S"
"1891",6,1,2014,"control","PP","S"
"1892",6,1,2014,"control","PP","S"
"1893",6,28,2014,"control","PP","S"
"1894",6,28,2014,"control","PP","S"
"1895",6,28,2014,"control","PP","S"
"1896",6,28,2014,"control","PP","M"
"1897",6,28,2014,"control","PP","S"
"1898",6,28,2014,"control","PP","R"
"1899",6,28,2014,"control","PP","S"
"1900",6,29,2014,"control","PP","S"
"1901",6,29,2014,"control","PP","S"
"1902",6,29,2014,"control","PB","M"
"1903",6,29,2014,"control","PP","S"
"1904",8,3,2014,"control","PP","R"
"1905",8,31,2014,"control","PB","M"
"1906",10,26,2014,"control","PB","S"
"1907",11,22,2014,"control","PB","M"
"1908",1,18,2015,"control","RM","S"
"1909",2,21,2015,"control","RM","S"
"1910",2,21,2015,"control","PB","S"
"1911",2,21,2015,"control","PP","S"
"1912",2,21,2015,"control","PP","S"
"1913",2,21,2015,"control","PB","M"
"1914",2,21,2015,"control","PP","S"
"1915",2,21,2015,"control","PP","M"
"1916",2,21,2015,"control","PP","S"
"1917",2,21,2015,"control","RM","S"
"1918",2,21,2015,"control","PP","S"
"1919",2,22,2015,"control","PP","M"
"1920",2,22,2015,"control","PE","S"
"1921",2,22,2015,"control","PP","S"
"1922",2,22,2015,"control","PP","S"
"1923",3,26,2015,"control","PP","S"
"1924",3,26,2015,"control","PP","S"
"1925",3,26,2015,"control","RM","M"
"1926",3,26,2015,"control","PP","S"
"1927",3,26,2015,"control","PP","S"
"1928",3,26,2015,"control","PP","S"
"1929",3,27,2015,"control","PP","S"
"1930",3,27,2015,"control","PP","S"
"1931",3,27,2015,"control","RM","S"
"1932",3,27,2015,"control","PP","S"
"1933",3,27,2015,"control","PP","S"
"1934",3,27,2015,"control","PP","S"
"1935",3,27,2015,"control","PP","S"
"1936",3,27,2015,"control","RM","S"
"1937",3,27,2015,"control","RM","S"
"1938",3,26,2015,"control","PP","S"
"1939",3,26,2015,"control","PP","S"
"1940",3,26,2015,"control","PP","S"
"1941",3,26,2015,"control","PP","S"
"1942",3,26,2015,"control","PP","S"
"1943",3,26,2015,"control","PP","S"
"1944",3,26,2015,"control","PP","S"
"1945",3,26,2015,"control","RM","S"
"1946",3,26,2015,"control","PP","S"
"1947",3,26,2015,"control","PP","S"
"1948",3,26,2015,"control","PP","S"
"1949",3,27,2015,"control","PP","S"
"1950",3,27,2015,"control","PP","S"
"1951",3,27,2015,"control","RM","S"
"1952",3,27,2015,"control","RM","M"
"1953",3,27,2015,"control","PP","S"
"1954",3,27,2015,"control","PP","R"
"1955",3,27,2015,"control","PP","S"
"1956",3,27,2015,"control","PP","R"
"1957",3,31,2015,"control","PP","R"
"1958",3,31,2015,"control","PB","R"
"1959",3,31,2015,"control","PP","R"
"1960",3,31,2015,"control","PP","R"
"1961",3,31,2015,"control","PP","S"
"1962",3,31,2015,"control","PP","S"
"1963",3,31,2015,"control","PP","S"
"1964",3,31,2015,"control","PP","S"
"1965",3,31,2015,"control","PP","R"
"1966",3,31,2015,"control","PP","S"
"1967",3,31,2015,"control","PP","S"
"1968",3,31,2015,"control","PP","S"
"1969",3,31,2015,"control","RM","S"
"1970",3,31,2015,"control","PP","S"
"1971",3,31,2015,"control","PP","S"
"1972",3,31,2015,"control","PP","S"
"1973",3,31,2015,"control","PP","S"
"1974",3,31,2015,"control","PP","M"
"1975",3,31,2015,"control","PP","M"
"1976",3,31,2015,"control","PP","M"
"1977",3,31,2015,"control","PP","S"
"1978",3,31,2015,"control","PP","S"
"1979",3,31,2015,"control","PP","S"
"1980",3,31,2015,"control","PP","M"
"1981",3,31,2015,"control","PP","S"
"1982",3,31,2015,"control","PP","S"
"1983",4,18,2015,"control","RM","S"
"1984",4,18,2015,"control","PP","S"
"1985",4,18,2015,"control","PP","S"
"1986",4,18,2015,"control","PP","S"
"1987",4,18,2015,"control","PP","S"
"1988",4,18,2015,"control","PB","S"
"1989",4,18,2015,"control","PE","S"
"1990",4,18,2015,"control","RM","S"
"1991",4,18,2015,"control","PP","S"
"1992",4,18,2015,"control","RM","S"
"1993",4,18,2015,"control","RM","S"
"1994",4,18,2015,"control","PP","S"
"1995",4,18,2015,"control","PP","S"
"1996",4,18,2015,"control","PE","S"
"1997",4,18,2015,"control","RM","M"
"1998",4,18,2015,"control","PP","S"
"1999",4,18,2015,"control","RM","S"
"2000",4,18,2015,"control","RM","S"
"2001",4,18,2015,"control","PP","S"
"2002",4,18,2015,"control","PP","S"
"2003",4,18,2015,"control","PP","S"
"2004",4,18,2015,"control","RM","S"
"2005",4,18,2015,"control","RM","S"
"2006",4,18,2015,"control","PP","S"
"2007",4,18,2015,"control","PP","S"
"2008",4,18,2015,"control","RM","S"
"2009",4,18,2015,"control","PP","S"
"2010",4,18,2015,"control","PP","S"
"2011",4,18,2015,"control","RM","S"
"2012",4,18,2015,"control","PP","S"
"2013",4,18,2015,"control","PP","S"
"2014",4,19,2015,"control","RM","S"
"2015",4,19,2015,"control","PF","S"
"2016",4,19,2015,"control","PP","S"
"2017",4,19,2015,"control","PP","S"
"2018",4,19,2015,"control","PF","S"
"2019",4,19,2015,"control","PE","S"
"2020",4,19,2015,"control","PP","S"
"2021",4,19,2015,"control","PP","S"
"2022",4,19,2015,"control","PP","S"
"2023",4,19,2015,"control","PP","S"
"2024",4,19,2015,"control","RM","S"
"2025",4,19,2015,"control","PP","S"
"2026",4,19,2015,"control","PP","S"
"2027",4,19,2015,"control","PP","M"
"2028",4,19,2015,"control","PP","S"
"2029",4,19,2015,"control","PP","S"
"2030",4,19,2015,"control","PP","S"
"2031",4,19,2015,"control","PP","S"
"2032",4,19,2015,"control","PP","S"
"2033",4,19,2015,"control","PP","S"
"2034",4,19,2015,"control","PP","S"
"2035",4,19,2015,"control","PP","S"
"2036",4,19,2015,"control","RM","S"
"2037",4,19,2015,"control","RM","S"
"2038",5,16,2015,"control","PP","S"
"2039",5,16,2015,"control","PP","S"
"2040",5,16,2015,"control","PP","S"
"2041",5,16,2015,"control","PP","S"
"2042",5,16,2015,"control","PP","S"
"2043",5,16,2015,"control","PP","S"
"2044",5,16,2015,"control","PP","S"
"2045",5,16,2015,"control","PP","S"
"2046",5,16,2015,"control","PE","S"
"2047",5,16,2015,"control","RM","S"
"2048",5,16,2015,"control","PE","R"
"2049",5,16,2015,"control","PP","R"
"2050",5,17,2015,"control","PF","S"
"2051",5,17,2015,"control","RM","S"
"2052",5,17,2015,"control","RM","S"
"2053",5,17,2015,"control","PP","S"
"2054",5,17,2015,"control","PE","S"
"2055",5,17,2015,"control","PP","S"
"2056",5,17,2015,"control","RM","S"
"2057",5,17,2015,"control","RM","S"
"2058",5,17,2015,"control","RM","S"
"2059",5,17,2015,"control","PP","S"
"2060",5,17,2015,"control","PP","R"
"2061",5,17,2015,"control","PP","S"
"2062",5,17,2015,"control","RM","S"
"2063",5,17,2015,"control","RM","S"
"2064",5,16,2015,"control","PP","S"
"2065",5,16,2015,"control","PP","S"
"2066",5,16,2015,"control","PP","S"
"2067",5,16,2015,"control","RM","S"
"2068",5,16,2015,"control","PP","S"
"2069",5,17,2015,"control","PP","S"
"2070",5,17,2015,"control","PE","S"
"2071",5,17,2015,"control","PE","S"
"2072",5,17,2015,"control","PP","S"
"2073",5,17,2015,"control","PP","R"
"2074",5,17,2015,"control","PP","R"
"2075",5,17,2015,"control","PP","S"
"2076",5,17,2015,"control","PP","S"
"2077",5,17,2015,"control","PP","M"
"2078",5,17,2015,"control","PP","S"
"2079",6,13,2015,"control","PP","S"
"2080",6,13,2015,"control","PF","S"
"2081",6,13,2015,"control","PP","S"
"2082",6,13,2015,"control","PF","S"
"2083",6,13,2015,"control","PP","S"
"2084",6,13,2015,"control","PP","S"
"2085",6,13,2015,"control","PE","S"
"2086",6,13,2015,"control","RM","R"
"2087",6,13,2015,"control","PE","M"
"2088",6,13,2015,"control","RM","S"
"2089",6,13,2015,"control","PP","S"
"2090",6,13,2015,"control","PP","S"
"2091",6,13,2015,"control","RM","M"
"2092",6,13,2015,"control","PP","S"
"2093",6,14,2015,"control","PP","S"
"2094",6,14,2015,"control","PP","S"
"2095",6,14,2015,"control","PP","S"
"2096",6,14,2015,"control","PB","S"
"2097",6,14,2015,"control","PP","S"
"2098",6,14,2015,"control","PE","S"
"2099",6,14,2015,"control","PF","S"
"2100",6,14,2015,"control","PP","S"
"2101",6,14,2015,"control","PP","S"
"2102",6,14,2015,"control","PP","S"
"2103",6,14,2015,"control","PP","M"
"2104",6,14,2015,"control","PP","S"
"2105",7,18,2015,"control","PP","R"
"2106",7,18,2015,"control","PP","S"
"2107",7,19,2015,"control","PF","S"
"2108",7,19,2015,"control","PM","S"
"2109",7,19,2015,"control","PP","S"
"2110",8,22,2015,"control","PP","R"
"2111",8,22,2015,"control","PP","R"
"2112",8,23,2015,"control","PM","M"
"2113",8,23,2015,"control","PF","S"
"2114",8,23,2015,"control","PP","R"
"2115",9,12,2015,"control","PP","R"
"2116",9,12,2015,"control","PP","M"
"2117",9,12,2015,"control","PP","M"
"2118",9,12,2015,"control","PP","M"
"2119",9,13,2015,"control","PF","S"
"2120",10,10,2015,"control","RM","S"
"2121",10,11,2015,"control","RM","S"
"2122",10,11,2015,"control","RM","S"
"2123",3,19,2016,"control","PP","M"
"2124",3,19,2016,"control","PP","M"
"2125",3,20,2016,"control","PP","M"
"2126",3,20,2016,"control","PP","M"
"2127",3,20,2016,"control","PP","S"
"2128",3,20,2016,"control","PP","S"
"2129",4,10,2016,"control","PP","R"
"2130",4,10,2016,"control","PP","S"
"2131",4,10,2016,"control","PP","S"
"2132",4,10,2016,"control","PP","S"
"2133",4,10,2016,"control","PP","S"
"2134",4,10,2016,"control","PP","S"
"2135",4,10,2016,"control","PP","M"
"2136",4,10,2016,"control","PP","M"
"2137",4,10,2016,"control","PP","S"
"2138",5,7,2016,"control","PP","S"
"2139",5,7,2016,"control","PP","S"
"2140",5,7,2016,"control","PP","S"
"2141",5,7,2016,"control","PP","S"
"2142",5,7,2016,"control","PP","S"
"2143",5,7,2016,"control","PP","S"
"2144",5,7,2016,"control","PP","S"
"2145",5,7,2016,"control","PP","S"
"2146",5,7,2016,"control","RM","S"
"2147",5,7,2016,"control","PP","S"
"2148",5,7,2016,"control","PP","S"
"2149",5,7,2016,"control","PP","S"
"2150",5,8,2016,"control","PP","S"
"2151",5,8,2016,"control","PP","S"
"2152",5,8,2016,"control","PP","S"
"2153",5,8,2016,"control","PP","S"
"2154",5,8,2016,"control","PP","S"
"2155",5,8,2016,"control","PP","S"
"2156",5,8,2016,"control","PP","S"
"2157",5,8,2016,"control","PP","S"
"2158",6,4,2016,"control","PP","S"
"2159",6,4,2016,"control","PP","S"
"2160",6,4,2016,"control","PP","S"
"2161",6,4,2016,"control","PP","S"
"2162",6,4,2016,"control","PP","S"
"2163",6,5,2016,"control","PP","S"
"2164",6,5,2016,"control","PP","S"
"2165",6,5,2016,"control","PP","S"
"2166",6,5,2016,"control","PP","S"
"2167",6,5,2016,"control","PP","S"
"2168",6,5,2016,"control","PP","S"
"2169",7,2,2016,"control","PP","S"
"2170",7,2,2016,"control","PP","S"
"2171",7,2,2016,"control","PP","S"
"2172",7,2,2016,"control","PP","S"
"2173",7,2,2016,"control","PP","S"
"2174",7,2,2016,"control","PP","S"
"2175",7,3,2016,"control","PP","S"
"2176",7,3,2016,"control","PP","M"
"2177",7,3,2016,"control","PP","S"
"2178",7,3,2016,"control","PP","S"
"2179",7,3,2016,"control","PP","S"
"2180",8,6,2016,"control","PP","S"
"2181",8,6,2016,"control","PP","S"
"2182",8,6,2016,"control","PP","S"
"2183",8,7,2016,"control","PP","S"
"2184",8,7,2016,"control","PB","S"
"2185",8,7,2016,"control","PP","S"
"2186",8,7,2016,"control","PP","S"
"2187",1,29,2017,"control","RM","S"
"2188",3,29,2017,"control","PP","S"
"2189",3,29,2017,"control","PP","S"
"2190",3,29,2017,"control","PP","S"
"2191",3,29,2017,"control","PP","R"
"2192",3,29,2017,"control","PP","S"
"2193",3,29,2017,"control","PP","S"
"2194",3,28,2017,"control","PP","S"
"2195",3,28,2017,"control","PP","S"
"2196",3,28,2017,"control","RM","S"
"2197",3,29,2017,"control","PP","M"
"2198",4,1,2017,"control","PP","S"
"2199",4,1,2017,"control","PP","S"
"2200",4,1,2017,"control","PP","S"
"2201",4,1,2017,"control","PP","R"
"2202",4,1,2017,"control","PP","S"
"2203",4,1,2017,"control","PP","S"
"2204",4,29,2017,"control","RM","S"
"2205",4,29,2017,"control","PP","S"
"2206",4,30,2017,"control","PP","S"
"2207",4,30,2017,"control","PP","S"
"2208",4,30,2017,"control","PP","S"
"2209",4,30,2017,"control","PP","S"
"2210",4,30,2017,"control","PP","S"
"2211",4,30,2017,"control","PP","S"
"2212",4,30,2017,"control","PP","S"
"2213",4,30,2017,"control","PP","S"
"2214",5,27,2017,"control","PP","M"
"2215",5,27,2017,"control","PP","M"
"2216",5,27,2017,"control","PP","R"
"2217",5,27,2017,"control","PP","S"
"2218",5,27,2017,"control","PP","S"
"2219",5,28,2017,"control","PP","S"
"2220",5,28,2017,"control","PP","S"
"2221",5,28,2017,"control","PP","S"
"2222",5,28,2017,"control","PP","S"
"2223",5,28,2017,"control","PP","S"
"2224",5,28,2017,"control","PP","M"
"2225",6,24,2017,"control","PP","S"
"2226",6,24,2017,"control","PP","S"
"2227",6,24,2017,"control","PP","S"
"2228",6,25,2017,"control","PP","M"
"2229",6,25,2017,"control","PP","S"
"2230",6,25,2017,"control","PP","R"
"2231",6,25,2017,"control","PP","R"
"2232",6,25,2017,"control","PP","S"
"2233",7,22,2017,"control","PP","M"
"2234",9,14,2017,"control","PP","S"
"2235",9,15,2017,"control","PP","R"
"2236",9,14,2017,"control","PP","M"
"2237",9,15,2017,"control","PP","M"
"2238",9,15,2017,"control","PP","M"
"2239",9,15,2017,"control","PP","M"
"2240",9,15,2017,"control","PP","R"
"2241",10,21,2017,"control","PP","R"
"2242",3,25,2018,"control","PP","M"
"2243",3,24,2018,"control","PP","R"
"2244",3,24,2018,"control","PP","R"
"2245",4,14,2018,"control","PP","M"
"2246",4,15,2018,"control","PP","S"
"2247",4,15,2018,"control","PP","M"
"2248",4,15,2018,"control","PP","M"
"2249",4,15,2018,"control","PP","R"
"2250",5,19,2018,"control","PP","R"
"2251",5,19,2018,"control","PP","M"
"2252",5,19,2018,"control","PP","R"
"2253",5,19,2018,"control","PP","S"
"2254",5,19,2018,"control","PP","S"
"2255",5,19,2018,"control","PP","S"
"2256",5,20,2018,"control","PP","S"
"2257",5,20,2018,"control","PP","S"
"2258",5,20,2018,"control","PP","S"
"2259",5,20,2018,"control","PP","S"
"2260",5,20,2018,"control","PP","S"
"2261",5,20,2018,"control","PP","S"
"2262",5,20,2018,"control","PP","S"
"2263",5,20,2018,"control","PP","S"
"2264",5,20,2018,"control","PP","S"
"2265",5,20,2018,"control","PP","S"
"2266",5,20,2018,"control","PP","S"
"2267",6,9,2018,"control","PP","S"
"2268",6,9,2018,"control","PP","S"
"2269",6,9,2018,"control","PP","M"
"2270",6,9,2018,"control","PP","S"
"2271",6,9,2018,"control","PP","M"
"2272",6,9,2018,"control","PP","S"
"2273",6,9,2018,"control","PP","S"
"2274",6,10,2018,"control","PP","S"
"2275",6,10,2018,"control","PP","S"
"2276",6,10,2018,"control","PP","S"
"2277",6,10,2018,"control","PP","S"
"2278",6,10,2018,"control","PP","S"
"2279",6,10,2018,"control","PP","M"
"2280",6,10,2018,"control","PP","S"
"2281",6,10,2018,"control","PP","M"
"2282",7,14,2018,"control","PP","S"
"2283",7,14,2018,"control","PP","S"
"2284",7,14,2018,"control","PP","S"
"2285",7,14,2018,"control","PP","M"
"2286",7,15,2018,"control","PP","M"
"2287",7,15,2018,"control","PP","S"
"2288",7,15,2018,"control","PP","S"
"2289",7,15,2018,"control","PP","S"
"2290",7,15,2018,"control","PE","M"
"2291",8,12,2018,"control","PP","M"
"2292",8,13,2018,"control","PP","M"
"2293",8,13,2018,"control","PP","M"
"2294",8,13,2018,"control","PP","M"
"2295",9,4,2018,"control","PP","R"
"2296",9,5,2018,"control","PP","M"
"2297",9,5,2018,"control","PP","M"
"2298",9,5,2018,"control","PP","M"
"2299",9,5,2018,"control","PP","R"
"2300",3,2,2019,"control","PP","M"
"2301",4,2,2019,"control","PP","R"
"2302",4,3,2019,"control","PP","R"
"2303",5,4,2019,"control","PP","R"
"2304",5,4,2019,"control","PP","S"
"2305",5,4,2019,"control","PP","S"
"2306",5,5,2019,"control","PP","S"
"2307",5,5,2019,"control","PP","M"
"2308",6,8,2019,"control","PP","M"
"2309",6,8,2019,"control","PP","S"
"2310",6,9,2019,"control","PP","S"
"2311",6,9,2019,"control","PP","R"
"2312",6,9,2019,"control","PP","S"
"2313",7,6,2019,"control","PP","S"
"2314",7,7,2019,"control","PP","S"
"2315",7,7,2019,"control","PP","S"
"2316",7,7,2019,"control","PP","M"
"2317",8,3,2019,"control","PP","M"
"2318",8,3,2019,"control","PP","M"
"2319",8,4,2019,"control","PP","S"
"2320",10,27,2019,"control","PP","R"
