"","X","month","year","count","trt","repro","proportion","species"
"1",3,1,2000,10,"exclosure",8,0.8,"PB"
"2",4,1,2001,6,"exclosure",4,0.666666666666667,"PB"
"3",5,1,2002,7,"exclosure",4,0.571428571428571,"PB"
"4",6,1,2004,12,"exclosure",4,0.333333333333333,"PB"
"5",7,1,2005,7,"exclosure",3,0.428571428571429,"PB"
"6",8,1,2006,36,"exclosure",12,0.333333333333333,"PB"
"7",9,1,2007,8,"exclosure",3,0.375,"PB"
"8",10,1,2008,15,"exclosure",1,0.0666666666666667,"PB"
"9",14,1,2012,2,"exclosure",1,0.5,"PB"
"10",16,1,2015,3,"exclosure",2,0.666666666666667,"PB"
"11",21,2,1999,5,"exclosure",4,0.8,"PB"
"12",22,2,2000,9,"exclosure",5,0.555555555555556,"PB"
"13",23,2,2002,18,"exclosure",16,0.888888888888889,"PB"
"14",24,2,2003,19,"exclosure",14,0.736842105263158,"PB"
"15",25,2,2004,7,"exclosure",4,0.571428571428571,"PB"
"16",26,2,2007,14,"exclosure",10,0.714285714285714,"PB"
"17",27,2,2008,13,"exclosure",1,0.0769230769230769,"PB"
"18",28,2,2009,7,"exclosure",2,0.285714285714286,"PB"
"19",29,2,2010,1,"exclosure",1,1,"PB"
"20",30,2,2012,2,"exclosure",2,1,"PB"
"21",31,2,2013,6,"exclosure",1,0.166666666666667,"PB"
"22",33,2,2015,6,"exclosure",4,0.666666666666667,"PB"
"23",34,2,2016,2,"exclosure",1,0.5,"PB"
"24",35,2,2017,2,"exclosure",1,0.5,"PB"
"25",38,3,1997,3,"exclosure",1,0.333333333333333,"PB"
"26",39,3,1998,10,"exclosure",2,0.2,"PB"
"27",40,3,1999,4,"exclosure",3,0.75,"PB"
"28",41,3,2000,11,"exclosure",10,0.909090909090909,"PB"
"29",42,3,2001,9,"exclosure",8,0.888888888888889,"PB"
"30",43,3,2002,14,"exclosure",14,1,"PB"
"31",44,3,2003,34,"exclosure",30,0.882352941176471,"PB"
"32",45,3,2004,9,"exclosure",9,1,"PB"
"33",46,3,2005,7,"exclosure",5,0.714285714285714,"PB"
"34",47,3,2006,34,"exclosure",21,0.617647058823529,"PB"
"35",48,3,2007,12,"exclosure",11,0.916666666666667,"PB"
"36",49,3,2008,15,"exclosure",3,0.2,"PB"
"37",50,3,2009,7,"exclosure",4,0.571428571428571,"PB"
"38",51,3,2010,1,"exclosure",1,1,"PB"
"39",52,3,2012,2,"exclosure",1,0.5,"PB"
"40",53,3,2013,6,"exclosure",2,0.333333333333333,"PB"
"41",54,3,2014,6,"exclosure",3,0.5,"PB"
"42",55,3,2015,5,"exclosure",4,0.8,"PB"
"43",57,3,2017,1,"exclosure",1,1,"PB"
"44",58,3,2018,1,"exclosure",1,1,"PB"
"45",59,3,2019,1,"exclosure",1,1,"PB"
"46",61,4,1999,6,"exclosure",3,0.5,"PB"
"47",62,4,2000,11,"exclosure",7,0.636363636363636,"PB"
"48",63,4,2001,10,"exclosure",10,1,"PB"
"49",64,4,2002,19,"exclosure",15,0.789473684210526,"PB"
"50",65,4,2004,5,"exclosure",3,0.6,"PB"
"51",66,4,2005,7,"exclosure",7,1,"PB"
"52",67,4,2006,16,"exclosure",16,1,"PB"
"53",68,4,2007,22,"exclosure",9,0.409090909090909,"PB"
"54",69,4,2008,16,"exclosure",7,0.4375,"PB"
"55",70,4,2009,12,"exclosure",5,0.416666666666667,"PB"
"56",72,4,2012,3,"exclosure",1,0.333333333333333,"PB"
"57",73,4,2013,4,"exclosure",2,0.5,"PB"
"58",74,4,2014,4,"exclosure",3,0.75,"PB"
"59",75,4,2015,6,"exclosure",5,0.833333333333333,"PB"
"60",76,4,2017,1,"exclosure",1,1,"PB"
"61",78,4,2019,1,"exclosure",1,1,"PB"
"62",79,5,1997,9,"exclosure",1,0.111111111111111,"PB"
"63",81,5,1999,4,"exclosure",2,0.5,"PB"
"64",82,5,2001,9,"exclosure",4,0.444444444444444,"PB"
"65",83,5,2002,24,"exclosure",13,0.541666666666667,"PB"
"66",84,5,2003,49,"exclosure",23,0.469387755102041,"PB"
"67",85,5,2004,6,"exclosure",3,0.5,"PB"
"68",86,5,2005,5,"exclosure",1,0.2,"PB"
"69",87,5,2006,18,"exclosure",13,0.722222222222222,"PB"
"70",88,5,2007,38,"exclosure",9,0.236842105263158,"PB"
"71",89,5,2008,13,"exclosure",7,0.538461538461538,"PB"
"72",90,5,2009,19,"exclosure",6,0.315789473684211,"PB"
"73",91,5,2011,2,"exclosure",1,0.5,"PB"
"74",92,5,2012,1,"exclosure",1,1,"PB"
"75",93,5,2013,7,"exclosure",1,0.142857142857143,"PB"
"76",94,5,2014,2,"exclosure",1,0.5,"PB"
"77",95,5,2015,6,"exclosure",4,0.666666666666667,"PB"
"78",96,5,2016,2,"exclosure",1,0.5,"PB"
"79",97,5,2017,3,"exclosure",3,1,"PB"
"80",98,5,2018,1,"exclosure",1,1,"PB"
"81",100,6,1998,7,"exclosure",1,0.142857142857143,"PB"
"82",101,6,1999,9,"exclosure",3,0.333333333333333,"PB"
"83",102,6,2000,14,"exclosure",5,0.357142857142857,"PB"
"84",103,6,2001,9,"exclosure",3,0.333333333333333,"PB"
"85",104,6,2002,22,"exclosure",11,0.5,"PB"
"86",105,6,2003,17,"exclosure",11,0.647058823529412,"PB"
"87",106,6,2004,4,"exclosure",2,0.5,"PB"
"88",107,6,2005,11,"exclosure",4,0.363636363636364,"PB"
"89",108,6,2006,14,"exclosure",8,0.571428571428571,"PB"
"90",109,6,2007,40,"exclosure",7,0.175,"PB"
"91",110,6,2008,29,"exclosure",12,0.413793103448276,"PB"
"92",111,6,2009,18,"exclosure",4,0.222222222222222,"PB"
"93",113,6,2014,8,"exclosure",2,0.25,"PB"
"94",114,6,2015,6,"exclosure",2,0.333333333333333,"PB"
"95",115,6,2016,2,"exclosure",1,0.5,"PB"
"96",116,6,2017,1,"exclosure",1,1,"PB"
"97",117,6,2018,3,"exclosure",1,0.333333333333333,"PB"
"98",119,7,1997,33,"exclosure",1,0.0303030303030303,"PB"
"99",120,7,1998,9,"exclosure",2,0.222222222222222,"PB"
"100",121,7,2000,28,"exclosure",6,0.214285714285714,"PB"
"101",122,7,2001,12,"exclosure",3,0.25,"PB"
"102",123,7,2002,21,"exclosure",7,0.333333333333333,"PB"
"103",124,7,2003,15,"exclosure",5,0.333333333333333,"PB"
"104",125,7,2004,5,"exclosure",4,0.8,"PB"
"105",126,7,2005,17,"exclosure",6,0.352941176470588,"PB"
"106",127,7,2006,21,"exclosure",19,0.904761904761905,"PB"
"107",128,7,2007,46,"exclosure",3,0.0652173913043478,"PB"
"108",129,7,2008,7,"exclosure",2,0.285714285714286,"PB"
"109",130,7,2009,10,"exclosure",1,0.1,"PB"
"110",131,7,2012,11,"exclosure",5,0.454545454545455,"PB"
"111",132,7,2013,7,"exclosure",5,0.714285714285714,"PB"
"112",133,7,2015,4,"exclosure",2,0.5,"PB"
"113",135,7,2018,2,"exclosure",2,1,"PB"
"114",136,8,1998,21,"exclosure",6,0.285714285714286,"PB"
"115",137,8,2000,10,"exclosure",1,0.1,"PB"
"116",138,8,2001,18,"exclosure",5,0.277777777777778,"PB"
"117",139,8,2003,14,"exclosure",7,0.5,"PB"
"118",140,8,2004,9,"exclosure",6,0.666666666666667,"PB"
"119",141,8,2005,22,"exclosure",5,0.227272727272727,"PB"
"120",142,8,2006,4,"exclosure",3,0.75,"PB"
"121",143,8,2007,22,"exclosure",2,0.0909090909090909,"PB"
"122",144,8,2008,12,"exclosure",3,0.25,"PB"
"123",145,8,2009,9,"exclosure",2,0.222222222222222,"PB"
"124",146,8,2012,11,"exclosure",3,0.272727272727273,"PB"
"125",147,8,2014,7,"exclosure",3,0.428571428571429,"PB"
"126",149,8,2016,1,"exclosure",1,1,"PB"
"127",153,9,1998,23,"exclosure",3,0.130434782608696,"PB"
"128",154,9,1999,2,"exclosure",1,0.5,"PB"
"129",156,9,2001,26,"exclosure",2,0.0769230769230769,"PB"
"130",157,9,2002,7,"exclosure",4,0.571428571428571,"PB"
"131",158,9,2003,15,"exclosure",10,0.666666666666667,"PB"
"132",159,9,2004,6,"exclosure",5,0.833333333333333,"PB"
"133",160,9,2005,38,"exclosure",5,0.131578947368421,"PB"
"134",161,9,2006,8,"exclosure",7,0.875,"PB"
"135",162,9,2007,28,"exclosure",3,0.107142857142857,"PB"
"136",163,9,2008,13,"exclosure",3,0.230769230769231,"PB"
"137",164,9,2009,6,"exclosure",1,0.166666666666667,"PB"
"138",165,9,2010,2,"exclosure",2,1,"PB"
"139",166,9,2012,11,"exclosure",2,0.181818181818182,"PB"
"140",167,9,2013,5,"exclosure",4,0.8,"PB"
"141",168,9,2014,3,"exclosure",1,0.333333333333333,"PB"
"142",169,9,2015,5,"exclosure",1,0.2,"PB"
"143",170,9,2016,1,"exclosure",1,1,"PB"
"144",171,9,2017,1,"exclosure",1,1,"PB"
"145",172,9,2018,1,"exclosure",1,1,"PB"
"146",176,10,1998,16,"exclosure",1,0.0625,"PB"
"147",177,10,1999,5,"exclosure",4,0.8,"PB"
"148",179,10,2001,18,"exclosure",3,0.166666666666667,"PB"
"149",180,10,2002,21,"exclosure",10,0.476190476190476,"PB"
"150",181,10,2003,11,"exclosure",1,0.0909090909090909,"PB"
"151",182,10,2004,7,"exclosure",6,0.857142857142857,"PB"
"152",183,10,2005,13,"exclosure",4,0.307692307692308,"PB"
"153",184,10,2006,15,"exclosure",10,0.666666666666667,"PB"
"154",185,10,2007,24,"exclosure",3,0.125,"PB"
"155",187,10,2009,6,"exclosure",1,0.166666666666667,"PB"
"156",189,10,2012,8,"exclosure",1,0.125,"PB"
"157",190,10,2014,3,"exclosure",2,0.666666666666667,"PB"
"158",194,10,2018,1,"exclosure",1,1,"PB"
"159",196,11,1998,12,"exclosure",1,0.0833333333333333,"PB"
"160",197,11,1999,8,"exclosure",5,0.625,"PB"
"161",199,11,2001,19,"exclosure",1,0.0526315789473684,"PB"
"162",200,11,2002,26,"exclosure",8,0.307692307692308,"PB"
"163",201,11,2003,12,"exclosure",2,0.166666666666667,"PB"
"164",202,11,2004,3,"exclosure",1,0.333333333333333,"PB"
"165",203,11,2005,23,"exclosure",7,0.304347826086957,"PB"
"166",204,11,2006,17,"exclosure",12,0.705882352941177,"PB"
"167",205,11,2007,23,"exclosure",1,0.0434782608695652,"PB"
"168",208,11,2012,5,"exclosure",1,0.2,"PB"
"169",212,11,2016,1,"exclosure",1,1,"PB"
"170",217,12,1999,12,"exclosure",4,0.333333333333333,"PB"
"171",219,12,2001,8,"exclosure",1,0.125,"PB"
"172",220,12,2002,31,"exclosure",13,0.419354838709677,"PB"
"173",222,12,2004,11,"exclosure",5,0.454545454545455,"PB"
"174",223,12,2005,15,"exclosure",1,0.0666666666666667,"PB"
"175",224,12,2006,22,"exclosure",2,0.0909090909090909,"PB"
"176",230,12,2014,5,"exclosure",4,0.8,"PB"
"177",235,1,2000,10,"control",5,0.5,"PB"
"178",236,1,2001,5,"control",3,0.6,"PB"
"179",237,1,2002,3,"control",3,1,"PB"
"180",239,1,2005,7,"control",1,0.142857142857143,"PB"
"181",240,1,2006,19,"control",7,0.368421052631579,"PB"
"182",241,1,2007,11,"control",8,0.727272727272727,"PB"
"183",248,2,1997,5,"control",1,0.2,"PB"
"184",249,2,1999,2,"control",2,1,"PB"
"185",250,2,2000,18,"control",16,0.888888888888889,"PB"
"186",251,2,2002,7,"control",7,1,"PB"
"187",252,2,2003,14,"control",8,0.571428571428571,"PB"
"188",253,2,2004,3,"control",1,0.333333333333333,"PB"
"189",254,2,2007,21,"control",19,0.904761904761905,"PB"
"190",256,2,2009,1,"control",1,1,"PB"
"191",259,2,2013,2,"control",1,0.5,"PB"
"192",261,2,2015,2,"control",2,1,"PB"
"193",262,3,1997,3,"control",2,0.666666666666667,"PB"
"194",263,3,1998,5,"control",2,0.4,"PB"
"195",264,3,1999,3,"control",3,1,"PB"
"196",265,3,2000,8,"control",8,1,"PB"
"197",266,3,2001,12,"control",9,0.75,"PB"
"198",267,3,2002,2,"control",2,1,"PB"
"199",268,3,2003,26,"control",22,0.846153846153846,"PB"
"200",269,3,2004,2,"control",2,1,"PB"
"201",270,3,2005,5,"control",3,0.6,"PB"
"202",271,3,2006,15,"control",10,0.666666666666667,"PB"
"203",272,3,2007,18,"control",17,0.944444444444444,"PB"
"204",273,3,2008,16,"control",4,0.25,"PB"
"205",274,3,2009,1,"control",1,1,"PB"
"206",276,3,2012,2,"control",1,0.5,"PB"
"207",277,3,2013,3,"control",1,0.333333333333333,"PB"
"208",278,3,2014,8,"control",3,0.375,"PB"
"209",279,3,2015,8,"control",1,0.125,"PB"
"210",281,4,1999,2,"control",1,0.5,"PB"
"211",282,4,2000,7,"control",5,0.714285714285714,"PB"
"212",283,4,2002,4,"control",3,0.75,"PB"
"213",284,4,2005,2,"control",2,1,"PB"
"214",285,4,2006,5,"control",5,1,"PB"
"215",286,4,2007,24,"control",15,0.625,"PB"
"216",287,4,2008,13,"control",7,0.538461538461538,"PB"
"217",288,4,2009,5,"control",4,0.8,"PB"
"218",289,4,2010,1,"control",1,1,"PB"
"219",290,4,2013,1,"control",1,1,"PB"
"220",291,4,2014,4,"control",2,0.5,"PB"
"221",292,4,2015,1,"control",1,1,"PB"
"222",294,5,1998,1,"control",1,1,"PB"
"223",295,5,1999,2,"control",1,0.5,"PB"
"224",296,5,2001,6,"control",5,0.833333333333333,"PB"
"225",297,5,2002,8,"control",4,0.5,"PB"
"226",298,5,2003,17,"control",13,0.764705882352941,"PB"
"227",299,5,2004,2,"control",1,0.5,"PB"
"228",300,5,2005,3,"control",1,0.333333333333333,"PB"
"229",301,5,2006,6,"control",1,0.166666666666667,"PB"
"230",302,5,2007,35,"control",12,0.342857142857143,"PB"
"231",303,5,2008,15,"control",7,0.466666666666667,"PB"
"232",304,5,2009,6,"control",1,0.166666666666667,"PB"
"233",305,5,2010,1,"control",1,1,"PB"
"234",306,5,2012,4,"control",1,0.25,"PB"
"235",312,6,2000,8,"control",2,0.25,"PB"
"236",313,6,2001,4,"control",1,0.25,"PB"
"237",314,6,2002,15,"control",4,0.266666666666667,"PB"
"238",315,6,2003,13,"control",4,0.307692307692308,"PB"
"239",316,6,2004,5,"control",2,0.4,"PB"
"240",317,6,2005,5,"control",1,0.2,"PB"
"241",318,6,2007,37,"control",6,0.162162162162162,"PB"
"242",319,6,2008,28,"control",10,0.357142857142857,"PB"
"243",320,6,2009,5,"control",2,0.4,"PB"
"244",322,6,2014,3,"control",1,0.333333333333333,"PB"
"245",323,6,2015,2,"control",1,0.5,"PB"
"246",326,7,2000,18,"control",3,0.166666666666667,"PB"
"247",328,7,2002,11,"control",1,0.0909090909090909,"PB"
"248",329,7,2003,10,"control",4,0.4,"PB"
"249",330,7,2004,7,"control",3,0.428571428571429,"PB"
"250",331,7,2005,9,"control",2,0.222222222222222,"PB"
"251",332,7,2006,11,"control",8,0.727272727272727,"PB"
"252",333,7,2007,50,"control",3,0.06,"PB"
"253",335,7,2009,5,"control",1,0.2,"PB"
"254",336,7,2012,3,"control",1,0.333333333333333,"PB"
"255",337,7,2013,1,"control",1,1,"PB"
"256",341,8,2000,14,"control",1,0.0714285714285714,"PB"
"257",342,8,2001,12,"control",2,0.166666666666667,"PB"
"258",343,8,2003,7,"control",3,0.428571428571429,"PB"
"259",344,8,2004,6,"control",3,0.5,"PB"
"260",345,8,2005,12,"control",1,0.0833333333333333,"PB"
"261",346,8,2006,1,"control",1,1,"PB"
"262",347,8,2007,27,"control",3,0.111111111111111,"PB"
"263",348,8,2008,6,"control",1,0.166666666666667,"PB"
"264",349,8,2009,3,"control",1,0.333333333333333,"PB"
"265",350,8,2012,2,"control",1,0.5,"PB"
"266",351,8,2014,2,"control",1,0.5,"PB"
"267",353,8,2016,1,"control",1,1,"PB"
"268",358,9,2001,7,"control",1,0.142857142857143,"PB"
"269",360,9,2003,7,"control",3,0.428571428571429,"PB"
"270",362,9,2005,33,"control",3,0.0909090909090909,"PB"
"271",363,9,2006,4,"control",4,1,"PB"
"272",364,9,2007,32,"control",6,0.1875,"PB"
"273",366,9,2009,3,"control",1,0.333333333333333,"PB"
"274",367,9,2012,4,"control",1,0.25,"PB"
"275",368,9,2013,2,"control",1,0.5,"PB"
"276",375,10,2001,8,"control",1,0.125,"PB"
"277",376,10,2002,7,"control",1,0.142857142857143,"PB"
"278",377,10,2003,5,"control",1,0.2,"PB"
"279",378,10,2004,8,"control",2,0.25,"PB"
"280",379,10,2005,4,"control",2,0.5,"PB"
"281",380,10,2006,8,"control",6,0.75,"PB"
"282",381,10,2007,23,"control",1,0.0434782608695652,"PB"
"283",383,10,2009,3,"control",2,0.666666666666667,"PB"
"284",385,10,2014,2,"control",1,0.5,"PB"
"285",393,11,2001,7,"control",4,0.571428571428571,"PB"
"286",394,11,2002,9,"control",1,0.111111111111111,"PB"
"287",396,11,2004,6,"control",3,0.5,"PB"
"288",397,11,2005,15,"control",6,0.4,"PB"
"289",398,11,2006,13,"control",11,0.846153846153846,"PB"
"290",404,11,2014,3,"control",1,0.333333333333333,"PB"
"291",406,12,1996,3,"control",2,0.666666666666667,"PB"
"292",408,12,1999,7,"control",3,0.428571428571429,"PB"
"293",410,12,2001,3,"control",1,0.333333333333333,"PB"
"294",411,12,2002,25,"control",8,0.32,"PB"
"295",413,12,2004,5,"control",3,0.6,"PB"
"296",415,12,2006,23,"control",2,0.0869565217391304,"PB"
"297",420,12,2013,6,"control",2,0.333333333333333,"PB"
"298",9,1,2005,1,"exclosure",1,1,"PE"
"299",19,2,1988,6,"exclosure",2,0.333333333333333,"PE"
"300",20,2,1989,2,"exclosure",1,0.5,"PE"
"301",29,2,2015,5,"exclosure",1,0.2,"PE"
"302",33,2,2019,1,"exclosure",1,1,"PE"
"303",34,3,1980,1,"exclosure",1,1,"PE"
"304",36,3,1985,1,"exclosure",1,1,"PE"
"305",37,3,1988,3,"exclosure",1,0.333333333333333,"PE"
"306",38,3,1989,7,"exclosure",6,0.857142857142857,"PE"
"307",39,3,1990,5,"exclosure",1,0.2,"PE"
"308",43,3,2002,1,"exclosure",1,1,"PE"
"309",44,3,2003,3,"exclosure",1,0.333333333333333,"PE"
"310",52,3,2017,2,"exclosure",1,0.5,"PE"
"311",56,4,1987,2,"exclosure",1,0.5,"PE"
"312",57,4,1988,3,"exclosure",3,1,"PE"
"313",58,4,1990,2,"exclosure",2,1,"PE"
"314",63,4,2014,5,"exclosure",2,0.4,"PE"
"315",65,4,2016,1,"exclosure",1,1,"PE"
"316",67,4,2019,2,"exclosure",1,0.5,"PE"
"317",68,5,1982,5,"exclosure",3,0.6,"PE"
"318",71,5,1987,2,"exclosure",2,1,"PE"
"319",73,5,1989,6,"exclosure",4,0.666666666666667,"PE"
"320",74,5,1990,2,"exclosure",1,0.5,"PE"
"321",77,5,1998,2,"exclosure",1,0.5,"PE"
"322",78,5,2001,1,"exclosure",1,1,"PE"
"323",79,5,2003,3,"exclosure",2,0.666666666666667,"PE"
"324",83,5,2016,1,"exclosure",1,1,"PE"
"325",84,5,2017,3,"exclosure",2,0.666666666666667,"PE"
"326",85,5,2019,1,"exclosure",1,1,"PE"
"327",87,6,1982,2,"exclosure",1,0.5,"PE"
"328",88,6,1987,1,"exclosure",1,1,"PE"
"329",89,6,1988,5,"exclosure",2,0.4,"PE"
"330",90,6,1989,5,"exclosure",3,0.6,"PE"
"331",91,6,1991,1,"exclosure",1,1,"PE"
"332",92,6,1997,3,"exclosure",1,0.333333333333333,"PE"
"333",95,6,2002,2,"exclosure",1,0.5,"PE"
"334",96,6,2005,2,"exclosure",2,1,"PE"
"335",99,6,2014,1,"exclosure",1,1,"PE"
"336",100,6,2015,5,"exclosure",2,0.4,"PE"
"337",101,7,1982,2,"exclosure",1,0.5,"PE"
"338",102,7,1984,1,"exclosure",1,1,"PE"
"339",103,7,1988,2,"exclosure",1,0.5,"PE"
"340",104,7,1989,4,"exclosure",2,0.5,"PE"
"341",105,7,1990,1,"exclosure",1,1,"PE"
"342",106,7,1991,1,"exclosure",1,1,"PE"
"343",107,7,1992,1,"exclosure",1,1,"PE"
"344",110,7,2007,4,"exclosure",1,0.25,"PE"
"345",112,7,2015,1,"exclosure",1,1,"PE"
"346",113,7,2018,1,"exclosure",1,1,"PE"
"347",114,8,1984,1,"exclosure",1,1,"PE"
"348",115,8,1987,1,"exclosure",1,1,"PE"
"349",116,8,1988,3,"exclosure",1,0.333333333333333,"PE"
"350",117,8,1991,2,"exclosure",2,1,"PE"
"351",118,8,1998,1,"exclosure",1,1,"PE"
"352",119,8,2012,1,"exclosure",1,1,"PE"
"353",121,8,2017,1,"exclosure",1,1,"PE"
"354",122,8,2018,1,"exclosure",1,1,"PE"
"355",124,9,1982,1,"exclosure",1,1,"PE"
"356",126,9,1990,1,"exclosure",1,1,"PE"
"357",127,9,1991,2,"exclosure",1,0.5,"PE"
"358",128,9,1996,1,"exclosure",1,1,"PE"
"359",134,9,2013,2,"exclosure",1,0.5,"PE"
"360",142,10,1988,5,"exclosure",2,0.4,"PE"
"361",143,10,1989,2,"exclosure",1,0.5,"PE"
"362",150,10,2011,1,"exclosure",1,1,"PE"
"363",200,1,1987,1,"control",1,1,"PE"
"364",218,2,1980,1,"control",1,1,"PE"
"365",219,2,1982,5,"control",1,0.2,"PE"
"366",221,2,1985,2,"control",1,0.5,"PE"
"367",222,2,1987,2,"control",1,0.5,"PE"
"368",224,2,1989,5,"control",1,0.2,"PE"
"369",231,2,2004,3,"control",1,0.333333333333333,"PE"
"370",237,2,2015,4,"control",1,0.25,"PE"
"371",241,3,1982,3,"control",1,0.333333333333333,"PE"
"372",242,3,1983,2,"control",2,1,"PE"
"373",244,3,1986,4,"control",4,1,"PE"
"374",245,3,1987,2,"control",1,0.5,"PE"
"375",246,3,1989,2,"control",2,1,"PE"
"376",247,3,1990,1,"control",1,1,"PE"
"377",248,3,1992,3,"control",2,0.666666666666667,"PE"
"378",252,3,2003,6,"control",3,0.5,"PE"
"379",254,3,2007,2,"control",1,0.5,"PE"
"380",265,4,1981,3,"control",3,1,"PE"
"381",266,4,1982,1,"control",1,1,"PE"
"382",267,4,1983,2,"control",2,1,"PE"
"383",268,4,1985,2,"control",2,1,"PE"
"384",269,4,1986,1,"control",1,1,"PE"
"385",270,4,1987,10,"control",8,0.8,"PE"
"386",271,4,1988,1,"control",1,1,"PE"
"387",272,4,1989,2,"control",2,1,"PE"
"388",273,4,1991,1,"control",1,1,"PE"
"389",278,4,2015,8,"control",3,0.375,"PE"
"390",282,5,1982,3,"control",2,0.666666666666667,"PE"
"391",284,5,1984,3,"control",1,0.333333333333333,"PE"
"392",286,5,1986,4,"control",2,0.5,"PE"
"393",287,5,1987,3,"control",2,0.666666666666667,"PE"
"394",291,5,1997,1,"control",1,1,"PE"
"395",293,5,2001,1,"control",1,1,"PE"
"396",294,5,2002,3,"control",1,0.333333333333333,"PE"
"397",295,5,2007,1,"control",1,1,"PE"
"398",300,5,2015,7,"control",5,0.714285714285714,"PE"
"399",302,6,1981,1,"control",1,1,"PE"
"400",303,6,1987,1,"control",1,1,"PE"
"401",305,6,1989,2,"control",1,0.5,"PE"
"402",306,6,1997,1,"control",1,1,"PE"
"403",310,6,2015,5,"control",3,0.6,"PE"
"404",317,7,1984,1,"control",1,1,"PE"
"405",319,7,1986,1,"control",1,1,"PE"
"406",320,7,1987,4,"control",3,0.75,"PE"
"407",322,7,1989,2,"control",1,0.5,"PE"
"408",325,7,2005,1,"control",1,1,"PE"
"409",331,8,1982,2,"control",1,0.5,"PE"
"410",332,8,1984,1,"control",1,1,"PE"
"411",333,8,1987,3,"control",1,0.333333333333333,"PE"
"412",334,8,1988,4,"control",2,0.5,"PE"
"413",345,9,1985,1,"control",1,1,"PE"
"414",346,9,1987,2,"control",2,1,"PE"
"415",347,9,1989,1,"control",1,1,"PE"
"416",352,9,2012,2,"control",1,0.5,"PE"
"417",359,10,1985,4,"control",1,0.25,"PE"
"418",378,11,1989,3,"control",1,0.333333333333333,"PE"
"419",388,11,2013,3,"control",1,0.333333333333333,"PE"
"420",1,1,2000,7,"exclosure",1,0.142857142857143,"PP"
"421",2,1,2001,2,"exclosure",1,0.5,"PP"
"422",3,1,2007,5,"exclosure",4,0.8,"PP"
"423",4,1,2012,2,"exclosure",1,0.5,"PP"
"424",5,2,1996,5,"exclosure",1,0.2,"PP"
"425",6,2,2000,6,"exclosure",5,0.833333333333333,"PP"
"426",7,2,2007,13,"exclosure",11,0.846153846153846,"PP"
"427",8,2,2012,7,"exclosure",6,0.857142857142857,"PP"
"428",9,2,2014,3,"exclosure",1,0.333333333333333,"PP"
"429",10,2,2015,12,"exclosure",11,0.916666666666667,"PP"
"430",11,2,2018,2,"exclosure",1,0.5,"PP"
"431",12,3,1988,1,"exclosure",1,1,"PP"
"432",13,3,1992,2,"exclosure",1,0.5,"PP"
"433",14,3,1993,3,"exclosure",2,0.666666666666667,"PP"
"434",15,3,1995,1,"exclosure",1,1,"PP"
"435",16,3,1996,9,"exclosure",5,0.555555555555556,"PP"
"436",17,3,1997,8,"exclosure",7,0.875,"PP"
"437",18,3,2000,9,"exclosure",7,0.777777777777778,"PP"
"438",19,3,2001,5,"exclosure",4,0.8,"PP"
"439",20,3,2002,2,"exclosure",2,1,"PP"
"440",21,3,2003,12,"exclosure",12,1,"PP"
"441",22,3,2004,2,"exclosure",1,0.5,"PP"
"442",23,3,2005,12,"exclosure",10,0.833333333333333,"PP"
"443",24,3,2006,12,"exclosure",8,0.666666666666667,"PP"
"444",25,3,2007,23,"exclosure",23,1,"PP"
"445",26,3,2008,4,"exclosure",1,0.25,"PP"
"446",27,3,2009,4,"exclosure",3,0.75,"PP"
"447",28,3,2010,2,"exclosure",1,0.5,"PP"
"448",29,3,2011,7,"exclosure",2,0.285714285714286,"PP"
"449",30,3,2012,19,"exclosure",11,0.578947368421053,"PP"
"450",31,3,2013,7,"exclosure",6,0.857142857142857,"PP"
"451",32,3,2014,38,"exclosure",37,0.973684210526316,"PP"
"452",33,3,2015,27,"exclosure",25,0.925925925925926,"PP"
"453",34,3,2016,10,"exclosure",4,0.4,"PP"
"454",35,3,2017,17,"exclosure",16,0.941176470588235,"PP"
"455",36,3,2018,9,"exclosure",5,0.555555555555556,"PP"
"456",37,3,2019,5,"exclosure",1,0.2,"PP"
"457",38,4,1984,1,"exclosure",1,1,"PP"
"458",39,4,1985,1,"exclosure",1,1,"PP"
"459",40,4,1986,2,"exclosure",2,1,"PP"
"460",41,4,1987,1,"exclosure",1,1,"PP"
"461",42,4,1988,2,"exclosure",2,1,"PP"
"462",43,4,1989,4,"exclosure",2,0.5,"PP"
"463",44,4,1990,1,"exclosure",1,1,"PP"
"464",45,4,1991,1,"exclosure",1,1,"PP"
"465",46,4,1993,6,"exclosure",5,0.833333333333333,"PP"
"466",47,4,1994,3,"exclosure",3,1,"PP"
"467",48,4,1995,5,"exclosure",4,0.8,"PP"
"468",49,4,1996,16,"exclosure",9,0.5625,"PP"
"469",50,4,1997,18,"exclosure",14,0.777777777777778,"PP"
"470",51,4,1999,2,"exclosure",2,1,"PP"
"471",52,4,2000,6,"exclosure",6,1,"PP"
"472",53,4,2001,6,"exclosure",6,1,"PP"
"473",54,4,2002,7,"exclosure",7,1,"PP"
"474",55,4,2004,1,"exclosure",1,1,"PP"
"475",56,4,2005,5,"exclosure",4,0.8,"PP"
"476",57,4,2006,14,"exclosure",14,1,"PP"
"477",58,4,2007,21,"exclosure",20,0.952380952380952,"PP"
"478",59,4,2008,10,"exclosure",10,1,"PP"
"479",60,4,2009,17,"exclosure",17,1,"PP"
"480",61,4,2010,3,"exclosure",3,1,"PP"
"481",62,4,2011,15,"exclosure",11,0.733333333333333,"PP"
"482",63,4,2012,41,"exclosure",35,0.853658536585366,"PP"
"483",64,4,2013,23,"exclosure",21,0.91304347826087,"PP"
"484",65,4,2014,35,"exclosure",33,0.942857142857143,"PP"
"485",66,4,2015,33,"exclosure",33,1,"PP"
"486",67,4,2016,10,"exclosure",9,0.9,"PP"
"487",68,4,2017,21,"exclosure",21,1,"PP"
"488",69,4,2018,10,"exclosure",7,0.7,"PP"
"489",70,4,2019,10,"exclosure",9,0.9,"PP"
"490",71,5,1979,1,"exclosure",1,1,"PP"
"491",72,5,1984,2,"exclosure",2,1,"PP"
"492",73,5,1985,1,"exclosure",1,1,"PP"
"493",74,5,1987,2,"exclosure",2,1,"PP"
"494",75,5,1988,2,"exclosure",2,1,"PP"
"495",76,5,1989,2,"exclosure",2,1,"PP"
"496",77,5,1990,1,"exclosure",1,1,"PP"
"497",78,5,1991,2,"exclosure",2,1,"PP"
"498",79,5,1992,4,"exclosure",4,1,"PP"
"499",80,5,1993,5,"exclosure",1,0.2,"PP"
"500",81,5,1994,2,"exclosure",2,1,"PP"
"501",82,5,1996,14,"exclosure",7,0.5,"PP"
"502",83,5,1997,20,"exclosure",12,0.6,"PP"
"503",84,5,1998,6,"exclosure",5,0.833333333333333,"PP"
"504",85,5,1999,9,"exclosure",8,0.888888888888889,"PP"
"505",86,5,2002,10,"exclosure",10,1,"PP"
"506",87,5,2003,16,"exclosure",15,0.9375,"PP"
"507",88,5,2004,3,"exclosure",3,1,"PP"
"508",89,5,2005,5,"exclosure",4,0.8,"PP"
"509",90,5,2006,10,"exclosure",10,1,"PP"
"510",91,5,2007,7,"exclosure",5,0.714285714285714,"PP"
"511",92,5,2008,13,"exclosure",12,0.923076923076923,"PP"
"512",93,5,2009,10,"exclosure",10,1,"PP"
"513",94,5,2010,3,"exclosure",3,1,"PP"
"514",95,5,2011,47,"exclosure",27,0.574468085106383,"PP"
"515",96,5,2012,32,"exclosure",13,0.40625,"PP"
"516",97,5,2013,19,"exclosure",15,0.789473684210526,"PP"
"517",98,5,2014,11,"exclosure",7,0.636363636363636,"PP"
"518",99,5,2015,28,"exclosure",28,1,"PP"
"519",100,5,2016,22,"exclosure",22,1,"PP"
"520",101,5,2017,35,"exclosure",25,0.714285714285714,"PP"
"521",102,5,2018,17,"exclosure",17,1,"PP"
"522",103,5,2019,8,"exclosure",8,1,"PP"
"523",104,6,1985,2,"exclosure",2,1,"PP"
"524",105,6,1986,1,"exclosure",1,1,"PP"
"525",106,6,1987,1,"exclosure",1,1,"PP"
"526",107,6,1988,2,"exclosure",2,1,"PP"
"527",108,6,1993,4,"exclosure",2,0.5,"PP"
"528",109,6,1994,3,"exclosure",3,1,"PP"
"529",110,6,1995,6,"exclosure",5,0.833333333333333,"PP"
"530",111,6,1996,15,"exclosure",7,0.466666666666667,"PP"
"531",112,6,1997,10,"exclosure",1,0.1,"PP"
"532",113,6,1999,2,"exclosure",2,1,"PP"
"533",114,6,2000,10,"exclosure",3,0.3,"PP"
"534",115,6,2001,1,"exclosure",1,1,"PP"
"535",116,6,2002,9,"exclosure",5,0.555555555555556,"PP"
"536",117,6,2003,15,"exclosure",2,0.133333333333333,"PP"
"537",118,6,2004,15,"exclosure",9,0.6,"PP"
"538",119,6,2005,8,"exclosure",1,0.125,"PP"
"539",120,6,2006,10,"exclosure",7,0.7,"PP"
"540",121,6,2007,13,"exclosure",3,0.230769230769231,"PP"
"541",122,6,2008,22,"exclosure",18,0.818181818181818,"PP"
"542",123,6,2009,4,"exclosure",2,0.5,"PP"
"543",124,6,2012,35,"exclosure",7,0.2,"PP"
"544",125,6,2014,34,"exclosure",12,0.352941176470588,"PP"
"545",126,6,2015,23,"exclosure",9,0.391304347826087,"PP"
"546",127,6,2016,22,"exclosure",22,1,"PP"
"547",128,6,2017,26,"exclosure",13,0.5,"PP"
"548",129,6,2018,15,"exclosure",13,0.866666666666667,"PP"
"549",130,6,2019,9,"exclosure",7,0.777777777777778,"PP"
"550",131,7,1984,1,"exclosure",1,1,"PP"
"551",132,7,1985,1,"exclosure",1,1,"PP"
"552",133,7,1988,2,"exclosure",1,0.5,"PP"
"553",134,7,1990,2,"exclosure",1,0.5,"PP"
"554",135,7,1992,15,"exclosure",6,0.4,"PP"
"555",136,7,1993,3,"exclosure",2,0.666666666666667,"PP"
"556",137,7,1994,4,"exclosure",4,1,"PP"
"557",138,7,1995,9,"exclosure",6,0.666666666666667,"PP"
"558",139,7,1996,9,"exclosure",3,0.333333333333333,"PP"
"559",140,7,2000,14,"exclosure",4,0.285714285714286,"PP"
"560",141,7,2002,12,"exclosure",3,0.25,"PP"
"561",142,7,2003,16,"exclosure",2,0.125,"PP"
"562",143,7,2004,17,"exclosure",9,0.529411764705882,"PP"
"563",144,7,2005,12,"exclosure",4,0.333333333333333,"PP"
"564",145,7,2006,20,"exclosure",9,0.45,"PP"
"565",146,7,2007,19,"exclosure",1,0.0526315789473684,"PP"
"566",147,7,2008,10,"exclosure",2,0.2,"PP"
"567",148,7,2009,3,"exclosure",1,0.333333333333333,"PP"
"568",149,7,2010,5,"exclosure",2,0.4,"PP"
"569",150,7,2011,34,"exclosure",18,0.529411764705882,"PP"
"570",151,7,2012,44,"exclosure",7,0.159090909090909,"PP"
"571",152,7,2013,19,"exclosure",6,0.315789473684211,"PP"
"572",153,7,2015,34,"exclosure",2,0.0588235294117647,"PP"
"573",154,7,2016,13,"exclosure",11,0.846153846153846,"PP"
"574",155,7,2017,12,"exclosure",2,0.166666666666667,"PP"
"575",156,7,2018,15,"exclosure",10,0.666666666666667,"PP"
"576",157,7,2019,6,"exclosure",1,0.166666666666667,"PP"
"577",158,8,1985,2,"exclosure",1,0.5,"PP"
"578",159,8,1991,3,"exclosure",2,0.666666666666667,"PP"
"579",160,8,1994,6,"exclosure",2,0.333333333333333,"PP"
"580",161,8,1996,18,"exclosure",4,0.222222222222222,"PP"
"581",162,8,2003,6,"exclosure",4,0.666666666666667,"PP"
"582",163,8,2004,8,"exclosure",1,0.125,"PP"
"583",164,8,2005,13,"exclosure",1,0.0769230769230769,"PP"
"584",165,8,2006,5,"exclosure",1,0.2,"PP"
"585",166,8,2007,12,"exclosure",1,0.0833333333333333,"PP"
"586",167,8,2011,50,"exclosure",14,0.28,"PP"
"587",168,8,2012,30,"exclosure",2,0.0666666666666667,"PP"
"588",169,8,2016,15,"exclosure",9,0.6,"PP"
"589",170,8,2018,5,"exclosure",2,0.4,"PP"
"590",171,8,2019,10,"exclosure",2,0.2,"PP"
"591",172,9,1994,3,"exclosure",1,0.333333333333333,"PP"
"592",173,9,2003,2,"exclosure",1,0.5,"PP"
"593",174,9,2004,9,"exclosure",1,0.111111111111111,"PP"
"594",175,9,2006,10,"exclosure",3,0.3,"PP"
"595",176,9,2007,17,"exclosure",4,0.235294117647059,"PP"
"596",177,9,2010,20,"exclosure",6,0.3,"PP"
"597",178,9,2013,18,"exclosure",1,0.0555555555555556,"PP"
"598",179,9,2015,18,"exclosure",1,0.0555555555555556,"PP"
"599",180,9,2016,11,"exclosure",3,0.272727272727273,"PP"
"600",181,9,2017,20,"exclosure",1,0.05,"PP"
"601",182,9,2018,10,"exclosure",3,0.3,"PP"
"602",183,9,2019,24,"exclosure",2,0.0833333333333333,"PP"
"603",184,10,2004,10,"exclosure",1,0.1,"PP"
"604",185,10,2005,4,"exclosure",1,0.25,"PP"
"605",186,10,2006,22,"exclosure",2,0.0909090909090909,"PP"
"606",187,10,2011,50,"exclosure",6,0.12,"PP"
"607",188,10,2016,5,"exclosure",2,0.4,"PP"
"608",189,11,2006,21,"exclosure",2,0.0952380952380952,"PP"
"609",190,12,1999,5,"exclosure",1,0.2,"PP"
"610",191,1,2000,9,"control",1,0.111111111111111,"PP"
"611",192,1,2007,8,"control",3,0.375,"PP"
"612",193,2,2000,10,"control",4,0.4,"PP"
"613",194,2,2002,2,"control",2,1,"PP"
"614",195,2,2004,1,"control",1,1,"PP"
"615",196,2,2007,24,"control",13,0.541666666666667,"PP"
"616",197,2,2012,10,"control",4,0.4,"PP"
"617",198,2,2015,17,"control",9,0.529411764705882,"PP"
"618",199,3,1982,2,"control",1,0.5,"PP"
"619",200,3,1986,1,"control",1,1,"PP"
"620",201,3,1993,3,"control",1,0.333333333333333,"PP"
"621",202,3,1996,4,"control",2,0.5,"PP"
"622",203,3,1997,6,"control",5,0.833333333333333,"PP"
"623",204,3,1998,3,"control",2,0.666666666666667,"PP"
"624",205,3,2000,16,"control",12,0.75,"PP"
"625",206,3,2001,11,"control",9,0.818181818181818,"PP"
"626",207,3,2002,8,"control",8,1,"PP"
"627",208,3,2003,27,"control",26,0.962962962962963,"PP"
"628",209,3,2004,3,"control",2,0.666666666666667,"PP"
"629",210,3,2005,11,"control",6,0.545454545454545,"PP"
"630",211,3,2006,20,"control",12,0.6,"PP"
"631",212,3,2007,50,"control",50,1,"PP"
"632",213,3,2008,3,"control",1,0.333333333333333,"PP"
"633",214,3,2009,9,"control",6,0.666666666666667,"PP"
"634",215,3,2012,26,"control",23,0.884615384615385,"PP"
"635",216,3,2013,3,"control",1,0.333333333333333,"PP"
"636",217,3,2014,43,"control",33,0.767441860465116,"PP"
"637",218,3,2015,52,"control",51,0.980769230769231,"PP"
"638",219,3,2016,13,"control",6,0.461538461538462,"PP"
"639",220,3,2017,10,"control",9,0.9,"PP"
"640",221,3,2018,10,"control",3,0.3,"PP"
"641",222,3,2019,2,"control",1,0.5,"PP"
"642",223,4,1985,1,"control",1,1,"PP"
"643",224,4,1987,3,"control",3,1,"PP"
"644",225,4,1988,1,"control",1,1,"PP"
"645",226,4,1993,3,"control",3,1,"PP"
"646",227,4,1994,1,"control",1,1,"PP"
"647",228,4,1996,4,"control",4,1,"PP"
"648",229,4,1997,14,"control",8,0.571428571428571,"PP"
"649",230,4,1999,2,"control",2,1,"PP"
"650",231,4,2000,5,"control",5,1,"PP"
"651",232,4,2001,3,"control",3,1,"PP"
"652",233,4,2002,11,"control",8,0.727272727272727,"PP"
"653",234,4,2004,9,"control",8,0.888888888888889,"PP"
"654",235,4,2005,11,"control",11,1,"PP"
"655",236,4,2006,23,"control",20,0.869565217391304,"PP"
"656",237,4,2007,25,"control",25,1,"PP"
"657",238,4,2008,17,"control",14,0.823529411764706,"PP"
"658",239,4,2009,13,"control",9,0.692307692307692,"PP"
"659",240,4,2010,3,"control",3,1,"PP"
"660",241,4,2011,15,"control",8,0.533333333333333,"PP"
"661",242,4,2012,33,"control",30,0.909090909090909,"PP"
"662",243,4,2013,22,"control",20,0.909090909090909,"PP"
"663",244,4,2014,30,"control",29,0.966666666666667,"PP"
"664",245,4,2015,35,"control",34,0.971428571428571,"PP"
"665",246,4,2016,10,"control",9,0.9,"PP"
"666",247,4,2017,16,"control",15,0.9375,"PP"
"667",248,4,2018,16,"control",5,0.3125,"PP"
"668",249,4,2019,2,"control",2,1,"PP"
"669",250,5,1978,1,"control",1,1,"PP"
"670",251,5,1979,1,"control",1,1,"PP"
"671",252,5,1980,1,"control",1,1,"PP"
"672",253,5,1983,2,"control",1,0.5,"PP"
"673",254,5,1984,3,"control",3,1,"PP"
"674",255,5,1987,1,"control",1,1,"PP"
"675",256,5,1988,1,"control",1,1,"PP"
"676",257,5,1991,1,"control",1,1,"PP"
"677",258,5,1992,1,"control",1,1,"PP"
"678",259,5,1997,8,"control",7,0.875,"PP"
"679",260,5,1998,10,"control",7,0.7,"PP"
"680",261,5,1999,2,"control",1,0.5,"PP"
"681",262,5,2001,6,"control",4,0.666666666666667,"PP"
"682",263,5,2002,11,"control",10,0.909090909090909,"PP"
"683",264,5,2003,40,"control",38,0.95,"PP"
"684",265,5,2004,5,"control",5,1,"PP"
"685",266,5,2005,8,"control",8,1,"PP"
"686",267,5,2006,21,"control",20,0.952380952380952,"PP"
"687",268,5,2007,25,"control",22,0.88,"PP"
"688",269,5,2008,20,"control",18,0.9,"PP"
"689",270,5,2009,19,"control",18,0.947368421052632,"PP"
"690",271,5,2010,7,"control",4,0.571428571428571,"PP"
"691",272,5,2011,33,"control",21,0.636363636363636,"PP"
"692",273,5,2012,24,"control",12,0.5,"PP"
"693",274,5,2013,24,"control",20,0.833333333333333,"PP"
"694",275,5,2014,23,"control",17,0.739130434782609,"PP"
"695",276,5,2015,26,"control",26,1,"PP"
"696",277,5,2016,20,"control",19,0.95,"PP"
"697",278,5,2017,17,"control",11,0.647058823529412,"PP"
"698",279,5,2018,19,"control",17,0.894736842105263,"PP"
"699",280,5,2019,5,"control",5,1,"PP"
"700",281,6,1978,2,"control",2,1,"PP"
"701",282,6,1980,1,"control",1,1,"PP"
"702",283,6,1982,1,"control",1,1,"PP"
"703",284,6,1983,1,"control",1,1,"PP"
"704",285,6,1995,4,"control",4,1,"PP"
"705",286,6,1996,2,"control",1,0.5,"PP"
"706",287,6,1997,10,"control",4,0.4,"PP"
"707",288,6,1998,7,"control",1,0.142857142857143,"PP"
"708",289,6,1999,4,"control",3,0.75,"PP"
"709",290,6,2000,12,"control",7,0.583333333333333,"PP"
"710",291,6,2001,4,"control",3,0.75,"PP"
"711",292,6,2002,12,"control",8,0.666666666666667,"PP"
"712",293,6,2003,9,"control",5,0.555555555555556,"PP"
"713",294,6,2004,6,"control",5,0.833333333333333,"PP"
"714",295,6,2005,20,"control",7,0.35,"PP"
"715",296,6,2006,13,"control",8,0.615384615384615,"PP"
"716",297,6,2007,31,"control",16,0.516129032258065,"PP"
"717",298,6,2008,27,"control",23,0.851851851851852,"PP"
"718",299,6,2009,13,"control",7,0.538461538461538,"PP"
"719",300,6,2012,35,"control",5,0.142857142857143,"PP"
"720",301,6,2014,63,"control",25,0.396825396825397,"PP"
"721",302,6,2015,34,"control",16,0.470588235294118,"PP"
"722",303,6,2016,11,"control",11,1,"PP"
"723",304,6,2017,22,"control",8,0.363636363636364,"PP"
"724",305,6,2018,16,"control",15,0.9375,"PP"
"725",306,6,2019,7,"control",5,0.714285714285714,"PP"
"726",307,7,1978,2,"control",1,0.5,"PP"
"727",308,7,1983,1,"control",1,1,"PP"
"728",309,7,1991,3,"control",1,0.333333333333333,"PP"
"729",310,7,1992,9,"control",1,0.111111111111111,"PP"
"730",311,7,1993,2,"control",1,0.5,"PP"
"731",312,7,1995,6,"control",2,0.333333333333333,"PP"
"732",313,7,1996,5,"control",1,0.2,"PP"
"733",314,7,1998,5,"control",1,0.2,"PP"
"734",315,7,2000,23,"control",8,0.347826086956522,"PP"
"735",316,7,2002,14,"control",3,0.214285714285714,"PP"
"736",317,7,2003,13,"control",1,0.0769230769230769,"PP"
"737",318,7,2004,8,"control",4,0.5,"PP"
"738",319,7,2005,20,"control",2,0.1,"PP"
"739",320,7,2006,30,"control",15,0.5,"PP"
"740",321,7,2007,40,"control",5,0.125,"PP"
"741",322,7,2008,4,"control",4,1,"PP"
"742",323,7,2009,12,"control",2,0.166666666666667,"PP"
"743",324,7,2010,6,"control",3,0.5,"PP"
"744",325,7,2011,15,"control",7,0.466666666666667,"PP"
"745",326,7,2012,56,"control",2,0.0357142857142857,"PP"
"746",327,7,2013,32,"control",10,0.3125,"PP"
"747",328,7,2015,40,"control",3,0.075,"PP"
"748",329,7,2016,15,"control",11,0.733333333333333,"PP"
"749",330,7,2017,15,"control",1,0.0666666666666667,"PP"
"750",331,7,2018,11,"control",8,0.727272727272727,"PP"
"751",332,7,2019,13,"control",4,0.307692307692308,"PP"
"752",333,8,1981,1,"control",1,1,"PP"
"753",334,8,1984,3,"control",1,0.333333333333333,"PP"
"754",335,8,1985,1,"control",1,1,"PP"
"755",336,8,1991,1,"control",1,1,"PP"
"756",337,8,2003,11,"control",2,0.181818181818182,"PP"
"757",338,8,2006,2,"control",1,0.5,"PP"
"758",339,8,2007,14,"control",1,0.0714285714285714,"PP"
"759",340,8,2008,9,"control",3,0.333333333333333,"PP"
"760",341,8,2009,4,"control",2,0.5,"PP"
"761",342,8,2011,52,"control",16,0.307692307692308,"PP"
"762",343,8,2012,36,"control",1,0.0277777777777778,"PP"
"763",344,8,2014,51,"control",1,0.0196078431372549,"PP"
"764",345,8,2015,44,"control",3,0.0681818181818182,"PP"
"765",346,8,2016,12,"control",6,0.5,"PP"
"766",347,8,2018,8,"control",4,0.5,"PP"
"767",348,8,2019,14,"control",3,0.214285714285714,"PP"
"768",349,9,1985,3,"control",1,0.333333333333333,"PP"
"769",350,9,2004,11,"control",2,0.181818181818182,"PP"
"770",351,9,2005,35,"control",1,0.0285714285714286,"PP"
"771",352,9,2006,13,"control",6,0.461538461538462,"PP"
"772",353,9,2007,21,"control",3,0.142857142857143,"PP"
"773",354,9,2008,10,"control",1,0.1,"PP"
"774",355,9,2010,20,"control",3,0.15,"PP"
"775",356,9,2012,30,"control",1,0.0333333333333333,"PP"
"776",357,9,2013,20,"control",1,0.05,"PP"
"777",358,9,2015,27,"control",4,0.148148148148148,"PP"
"778",359,9,2017,37,"control",7,0.189189189189189,"PP"
"779",360,9,2018,9,"control",5,0.555555555555556,"PP"
"780",361,10,1999,8,"control",2,0.25,"PP"
"781",362,10,2001,9,"control",1,0.111111111111111,"PP"
"782",363,10,2002,9,"control",1,0.111111111111111,"PP"
"783",364,10,2005,14,"control",1,0.0714285714285714,"PP"
"784",365,10,2006,22,"control",8,0.363636363636364,"PP"
"785",366,10,2011,62,"control",11,0.17741935483871,"PP"
"786",367,10,2017,9,"control",1,0.111111111111111,"PP"
"787",368,10,2019,13,"control",1,0.0769230769230769,"PP"
"788",369,11,1999,14,"control",1,0.0714285714285714,"PP"
"789",370,11,2006,43,"control",9,0.209302325581395,"PP"
"790",371,12,1999,11,"control",2,0.181818181818182,"PP"
"791",372,12,2002,11,"control",1,0.0909090909090909,"PP"
"792",373,12,2006,30,"control",1,0.0333333333333333,"PP"
"793",1,1,1978,1,"exclosure",1,1,"PF"
"794",2,1,1980,2,"exclosure",2,1,"PF"
"795",3,1,1981,2,"exclosure",1,0.5,"PF"
"796",4,1,1982,4,"exclosure",3,0.75,"PF"
"797",6,1,1990,5,"exclosure",5,1,"PF"
"798",7,1,1991,3,"exclosure",1,0.333333333333333,"PF"
"799",10,1,1996,7,"exclosure",2,0.285714285714286,"PF"
"800",14,1,2015,3,"exclosure",1,0.333333333333333,"PF"
"801",15,2,1980,4,"exclosure",3,0.75,"PF"
"802",16,2,1982,3,"exclosure",3,1,"PF"
"803",19,2,1990,3,"exclosure",3,1,"PF"
"804",21,2,1992,1,"exclosure",1,1,"PF"
"805",23,2,1994,2,"exclosure",2,1,"PF"
"806",24,2,1995,1,"exclosure",1,1,"PF"
"807",25,2,1996,12,"exclosure",6,0.5,"PF"
"808",26,2,1997,9,"exclosure",4,0.444444444444444,"PF"
"809",27,2,2002,1,"exclosure",1,1,"PF"
"810",29,2,2012,4,"exclosure",1,0.25,"PF"
"811",31,2,2015,3,"exclosure",3,1,"PF"
"812",32,3,1978,1,"exclosure",1,1,"PF"
"813",33,3,1980,8,"exclosure",7,0.875,"PF"
"814",34,3,1981,1,"exclosure",1,1,"PF"
"815",35,3,1982,4,"exclosure",2,0.5,"PF"
"816",36,3,1983,7,"exclosure",3,0.428571428571429,"PF"
"817",37,3,1990,2,"exclosure",2,1,"PF"
"818",38,3,1991,2,"exclosure",2,1,"PF"
"819",39,3,1992,1,"exclosure",1,1,"PF"
"820",40,3,1993,3,"exclosure",2,0.666666666666667,"PF"
"821",41,3,1994,1,"exclosure",1,1,"PF"
"822",42,3,1996,10,"exclosure",7,0.7,"PF"
"823",43,3,1997,12,"exclosure",11,0.916666666666667,"PF"
"824",45,3,2002,2,"exclosure",2,1,"PF"
"825",46,3,2003,9,"exclosure",7,0.777777777777778,"PF"
"826",49,3,2012,3,"exclosure",3,1,"PF"
"827",50,3,2013,5,"exclosure",2,0.4,"PF"
"828",51,3,2014,3,"exclosure",2,0.666666666666667,"PF"
"829",52,3,2015,2,"exclosure",2,1,"PF"
"830",54,4,1980,3,"exclosure",3,1,"PF"
"831",55,4,1981,3,"exclosure",3,1,"PF"
"832",56,4,1982,2,"exclosure",2,1,"PF"
"833",57,4,1983,11,"exclosure",10,0.909090909090909,"PF"
"834",59,4,1990,3,"exclosure",3,1,"PF"
"835",60,4,1991,1,"exclosure",1,1,"PF"
"836",61,4,1992,2,"exclosure",2,1,"PF"
"837",62,4,1993,2,"exclosure",2,1,"PF"
"838",63,4,1994,4,"exclosure",4,1,"PF"
"839",64,4,1995,4,"exclosure",3,0.75,"PF"
"840",65,4,1996,22,"exclosure",14,0.636363636363636,"PF"
"841",66,4,1997,13,"exclosure",13,1,"PF"
"842",69,4,2012,1,"exclosure",1,1,"PF"
"843",70,4,2013,2,"exclosure",2,1,"PF"
"844",71,4,2015,2,"exclosure",2,1,"PF"
"845",73,5,1980,2,"exclosure",1,0.5,"PF"
"846",74,5,1981,4,"exclosure",3,0.75,"PF"
"847",75,5,1982,1,"exclosure",1,1,"PF"
"848",76,5,1983,5,"exclosure",4,0.8,"PF"
"849",77,5,1984,1,"exclosure",1,1,"PF"
"850",78,5,1991,1,"exclosure",1,1,"PF"
"851",79,5,1992,3,"exclosure",3,1,"PF"
"852",80,5,1994,4,"exclosure",4,1,"PF"
"853",81,5,1996,11,"exclosure",11,1,"PF"
"854",82,5,1997,8,"exclosure",8,1,"PF"
"855",83,5,1998,2,"exclosure",2,1,"PF"
"856",84,5,2003,3,"exclosure",3,1,"PF"
"857",85,5,2004,1,"exclosure",1,1,"PF"
"858",87,5,2009,3,"exclosure",3,1,"PF"
"859",88,5,2013,2,"exclosure",2,1,"PF"
"860",89,5,2015,2,"exclosure",2,1,"PF"
"861",90,6,1978,1,"exclosure",1,1,"PF"
"862",91,6,1981,1,"exclosure",1,1,"PF"
"863",92,6,1982,8,"exclosure",7,0.875,"PF"
"864",93,6,1983,5,"exclosure",4,0.8,"PF"
"865",94,6,1990,4,"exclosure",4,1,"PF"
"866",95,6,1991,1,"exclosure",1,1,"PF"
"867",96,6,1993,1,"exclosure",1,1,"PF"
"868",97,6,1994,1,"exclosure",1,1,"PF"
"869",98,6,1995,2,"exclosure",2,1,"PF"
"870",99,6,1996,13,"exclosure",13,1,"PF"
"871",100,6,1997,5,"exclosure",4,0.8,"PF"
"872",102,6,2003,1,"exclosure",1,1,"PF"
"873",103,6,2008,6,"exclosure",3,0.5,"PF"
"874",104,6,2009,2,"exclosure",2,1,"PF"
"875",105,6,2012,3,"exclosure",3,1,"PF"
"876",106,6,2015,2,"exclosure",2,1,"PF"
"877",107,6,2016,4,"exclosure",3,0.75,"PF"
"878",108,7,1978,1,"exclosure",1,1,"PF"
"879",110,7,1980,1,"exclosure",1,1,"PF"
"880",111,7,1981,2,"exclosure",2,1,"PF"
"881",112,7,1982,7,"exclosure",4,0.571428571428571,"PF"
"882",113,7,1983,2,"exclosure",2,1,"PF"
"883",114,7,1990,2,"exclosure",2,1,"PF"
"884",115,7,1992,4,"exclosure",4,1,"PF"
"885",116,7,1993,2,"exclosure",2,1,"PF"
"886",117,7,1995,2,"exclosure",2,1,"PF"
"887",118,7,1996,4,"exclosure",4,1,"PF"
"888",119,7,1997,18,"exclosure",12,0.666666666666667,"PF"
"889",121,7,2003,1,"exclosure",1,1,"PF"
"890",122,7,2004,2,"exclosure",2,1,"PF"
"891",123,7,2008,1,"exclosure",1,1,"PF"
"892",124,7,2009,3,"exclosure",3,1,"PF"
"893",125,7,2013,3,"exclosure",3,1,"PF"
"894",126,7,2015,2,"exclosure",2,1,"PF"
"895",127,7,2016,3,"exclosure",3,1,"PF"
"896",128,8,1978,1,"exclosure",1,1,"PF"
"897",129,8,1980,2,"exclosure",1,0.5,"PF"
"898",130,8,1981,1,"exclosure",1,1,"PF"
"899",131,8,1982,8,"exclosure",6,0.75,"PF"
"900",133,8,1984,1,"exclosure",1,1,"PF"
"901",134,8,1990,3,"exclosure",3,1,"PF"
"902",135,8,1991,2,"exclosure",2,1,"PF"
"903",136,8,1992,2,"exclosure",2,1,"PF"
"904",137,8,1993,3,"exclosure",3,1,"PF"
"905",138,8,1994,2,"exclosure",2,1,"PF"
"906",139,8,1995,4,"exclosure",4,1,"PF"
"907",140,8,1996,2,"exclosure",2,1,"PF"
"908",142,8,2004,2,"exclosure",2,1,"PF"
"909",144,8,2015,4,"exclosure",3,0.75,"PF"
"910",145,9,1978,2,"exclosure",2,1,"PF"
"911",146,9,1980,3,"exclosure",3,1,"PF"
"912",147,9,1982,3,"exclosure",2,0.666666666666667,"PF"
"913",148,9,1984,1,"exclosure",1,1,"PF"
"914",149,9,1989,1,"exclosure",1,1,"PF"
"915",150,9,1991,1,"exclosure",1,1,"PF"
"916",152,9,1993,4,"exclosure",4,1,"PF"
"917",153,9,1994,2,"exclosure",2,1,"PF"
"918",154,9,1995,7,"exclosure",5,0.714285714285714,"PF"
"919",155,9,1996,3,"exclosure",2,0.666666666666667,"PF"
"920",159,9,2016,1,"exclosure",1,1,"PF"
"921",160,9,2019,1,"exclosure",1,1,"PF"
"922",161,10,1979,1,"exclosure",1,1,"PF"
"923",162,10,1980,1,"exclosure",1,1,"PF"
"924",163,10,1982,6,"exclosure",4,0.666666666666667,"PF"
"925",165,10,1989,1,"exclosure",1,1,"PF"
"926",167,10,1991,1,"exclosure",1,1,"PF"
"927",168,10,1992,3,"exclosure",2,0.666666666666667,"PF"
"928",170,10,1994,1,"exclosure",1,1,"PF"
"929",171,10,1995,15,"exclosure",15,1,"PF"
"930",172,10,1996,7,"exclosure",2,0.285714285714286,"PF"
"931",174,10,2001,1,"exclosure",1,1,"PF"
"932",176,10,2008,1,"exclosure",1,1,"PF"
"933",179,10,2014,1,"exclosure",1,1,"PF"
"934",181,10,2019,1,"exclosure",1,1,"PF"
"935",183,11,1979,3,"exclosure",2,0.666666666666667,"PF"
"936",185,11,1981,1,"exclosure",1,1,"PF"
"937",186,11,1982,5,"exclosure",1,0.2,"PF"
"938",188,11,1989,1,"exclosure",1,1,"PF"
"939",192,11,1996,3,"exclosure",1,0.333333333333333,"PF"
"940",193,11,2001,1,"exclosure",1,1,"PF"
"941",197,12,1977,1,"exclosure",1,1,"PF"
"942",198,12,1980,2,"exclosure",2,1,"PF"
"943",200,12,1989,2,"exclosure",1,0.5,"PF"
"944",201,12,1990,3,"exclosure",1,0.333333333333333,"PF"
"945",205,12,1995,11,"exclosure",7,0.636363636363636,"PF"
"946",208,12,2004,1,"exclosure",1,1,"PF"
"947",211,12,2014,1,"exclosure",1,1,"PF"
"948",213,1,1980,1,"control",1,1,"PF"
"949",214,1,1981,2,"control",2,1,"PF"
"950",216,1,1983,4,"control",1,0.25,"PF"
"951",217,1,1996,3,"control",1,0.333333333333333,"PF"
"952",218,2,1981,1,"control",1,1,"PF"
"953",219,2,1982,1,"control",1,1,"PF"
"954",222,2,1996,3,"control",2,0.666666666666667,"PF"
"955",223,2,1997,5,"control",5,1,"PF"
"956",224,2,2003,1,"control",1,1,"PF"
"957",227,3,1978,1,"control",1,1,"PF"
"958",228,3,1980,3,"control",2,0.666666666666667,"PF"
"959",230,3,1983,8,"control",4,0.5,"PF"
"960",231,3,1993,1,"control",1,1,"PF"
"961",232,3,1996,3,"control",1,0.333333333333333,"PF"
"962",233,3,1997,11,"control",7,0.636363636363636,"PF"
"963",234,3,2001,1,"control",1,1,"PF"
"964",235,3,2002,1,"control",1,1,"PF"
"965",236,3,2003,3,"control",2,0.666666666666667,"PF"
"966",238,3,2007,1,"control",1,1,"PF"
"967",239,3,2012,4,"control",4,1,"PF"
"968",240,3,2013,1,"control",1,1,"PF"
"969",242,4,1980,5,"control",5,1,"PF"
"970",244,4,1982,1,"control",1,1,"PF"
"971",245,4,1983,9,"control",6,0.666666666666667,"PF"
"972",246,4,1992,1,"control",1,1,"PF"
"973",247,4,1995,2,"control",1,0.5,"PF"
"974",248,4,1996,7,"control",7,1,"PF"
"975",249,4,1997,5,"control",5,1,"PF"
"976",250,4,2002,1,"control",1,1,"PF"
"977",251,4,2006,1,"control",1,1,"PF"
"978",252,4,2012,2,"control",1,0.5,"PF"
"979",253,4,2015,2,"control",2,1,"PF"
"980",256,5,1981,1,"control",1,1,"PF"
"981",257,5,1982,3,"control",3,1,"PF"
"982",258,5,1983,5,"control",5,1,"PF"
"983",259,5,1984,1,"control",1,1,"PF"
"984",260,5,1993,1,"control",1,1,"PF"
"985",261,5,1996,4,"control",4,1,"PF"
"986",262,5,1997,4,"control",4,1,"PF"
"987",263,5,2001,1,"control",1,1,"PF"
"988",264,5,2002,1,"control",1,1,"PF"
"989",265,5,2003,5,"control",4,0.8,"PF"
"990",267,5,2009,1,"control",1,1,"PF"
"991",268,5,2012,2,"control",1,0.5,"PF"
"992",269,5,2015,1,"control",1,1,"PF"
"993",270,6,1978,2,"control",2,1,"PF"
"994",271,6,1980,3,"control",1,0.333333333333333,"PF"
"995",272,6,1981,2,"control",2,1,"PF"
"996",273,6,1982,2,"control",2,1,"PF"
"997",274,6,1983,2,"control",2,1,"PF"
"998",275,6,1996,5,"control",4,0.8,"PF"
"999",276,6,1997,4,"control",3,0.75,"PF"
"1000",277,6,2003,1,"control",1,1,"PF"
"1001",278,6,2008,9,"control",5,0.555555555555556,"PF"
"1002",279,6,2012,1,"control",1,1,"PF"
"1003",280,6,2015,3,"control",3,1,"PF"
"1004",283,7,1980,1,"control",1,1,"PF"
"1005",284,7,1981,2,"control",2,1,"PF"
"1006",285,7,1982,4,"control",3,0.75,"PF"
"1007",286,7,1983,1,"control",1,1,"PF"
"1008",287,7,1991,1,"control",1,1,"PF"
"1009",288,7,1993,1,"control",1,1,"PF"
"1010",289,7,1995,1,"control",1,1,"PF"
"1011",290,7,1996,4,"control",4,1,"PF"
"1012",291,7,1997,5,"control",3,0.6,"PF"
"1013",292,7,2003,1,"control",1,1,"PF"
"1014",293,7,2008,2,"control",2,1,"PF"
"1015",294,7,2015,1,"control",1,1,"PF"
"1016",295,8,1977,4,"control",3,0.75,"PF"
"1017",297,8,1982,4,"control",2,0.5,"PF"
"1018",298,8,1983,2,"control",2,1,"PF"
"1019",299,8,1993,2,"control",1,0.5,"PF"
"1020",300,8,1995,2,"control",2,1,"PF"
"1021",301,8,1996,3,"control",3,1,"PF"
"1022",303,8,2003,1,"control",1,1,"PF"
"1023",304,8,2012,1,"control",1,1,"PF"
"1024",305,8,2015,1,"control",1,1,"PF"
"1025",307,9,1978,3,"control",2,0.666666666666667,"PF"
"1026",308,9,1980,1,"control",1,1,"PF"
"1027",309,9,1982,3,"control",2,0.666666666666667,"PF"
"1028",310,9,1983,3,"control",2,0.666666666666667,"PF"
"1029",311,9,1992,3,"control",2,0.666666666666667,"PF"
"1030",312,9,1993,2,"control",2,1,"PF"
"1031",313,9,1995,3,"control",3,1,"PF"
"1032",314,9,1996,5,"control",3,0.6,"PF"
"1033",316,9,2003,1,"control",1,1,"PF"
"1034",318,9,2008,1,"control",1,1,"PF"
"1035",319,9,2015,1,"control",1,1,"PF"
"1036",320,10,1977,1,"control",1,1,"PF"
"1037",322,10,1980,1,"control",1,1,"PF"
"1038",323,10,1982,9,"control",2,0.222222222222222,"PF"
"1039",327,10,1994,1,"control",1,1,"PF"
"1040",328,10,1995,8,"control",8,1,"PF"
"1041",329,10,1996,5,"control",2,0.4,"PF"
"1042",331,10,2001,2,"control",1,0.5,"PF"
"1043",337,11,1982,11,"control",1,0.0909090909090909,"PF"
"1044",341,11,2005,1,"control",1,1,"PF"
"1045",345,12,1995,9,"control",9,1,"PF"
"1046",346,12,1996,1,"control",1,1,"PF"
"1047",1,1,1982,2,"exclosure",2,1,"PM"
"1048",4,1,1987,2,"exclosure",1,0.5,"PM"
"1049",11,2,1982,2,"exclosure",2,1,"PM"
"1050",12,2,1987,2,"exclosure",1,0.5,"PM"
"1051",13,2,1988,4,"exclosure",3,0.75,"PM"
"1052",14,2,1989,4,"exclosure",1,0.25,"PM"
"1053",18,2,1999,3,"exclosure",1,0.333333333333333,"PM"
"1054",19,2,2002,1,"exclosure",1,1,"PM"
"1055",22,3,1982,4,"exclosure",1,0.25,"PM"
"1056",23,3,1983,1,"exclosure",1,1,"PM"
"1057",24,3,1985,2,"exclosure",2,1,"PM"
"1058",25,3,1987,2,"exclosure",1,0.5,"PM"
"1059",26,3,1988,3,"exclosure",1,0.333333333333333,"PM"
"1060",27,3,1989,3,"exclosure",2,0.666666666666667,"PM"
"1061",29,3,1997,2,"exclosure",1,0.5,"PM"
"1062",31,3,2007,2,"exclosure",1,0.5,"PM"
"1063",34,3,2017,2,"exclosure",2,1,"PM"
"1064",37,4,1982,2,"exclosure",2,1,"PM"
"1065",38,4,1984,1,"exclosure",1,1,"PM"
"1066",40,4,1987,6,"exclosure",4,0.666666666666667,"PM"
"1067",41,4,1988,1,"exclosure",1,1,"PM"
"1068",42,4,1989,1,"exclosure",1,1,"PM"
"1069",43,4,1996,2,"exclosure",1,0.5,"PM"
"1070",45,4,1999,2,"exclosure",2,1,"PM"
"1071",47,4,2005,1,"exclosure",1,1,"PM"
"1072",48,4,2008,3,"exclosure",2,0.666666666666667,"PM"
"1073",49,5,1982,1,"exclosure",1,1,"PM"
"1074",50,5,1984,2,"exclosure",1,0.5,"PM"
"1075",51,5,1987,4,"exclosure",2,0.5,"PM"
"1076",52,5,1988,1,"exclosure",1,1,"PM"
"1077",53,5,1989,1,"exclosure",1,1,"PM"
"1078",54,5,1997,4,"exclosure",1,0.25,"PM"
"1079",55,5,1998,1,"exclosure",1,1,"PM"
"1080",60,6,1981,1,"exclosure",1,1,"PM"
"1081",61,6,1982,2,"exclosure",2,1,"PM"
"1082",62,6,1983,2,"exclosure",1,0.5,"PM"
"1083",63,6,1986,1,"exclosure",1,1,"PM"
"1084",64,6,1987,1,"exclosure",1,1,"PM"
"1085",65,6,1989,2,"exclosure",1,0.5,"PM"
"1086",66,6,1997,7,"exclosure",3,0.428571428571429,"PM"
"1087",67,6,1998,3,"exclosure",2,0.666666666666667,"PM"
"1088",68,6,2015,2,"exclosure",1,0.5,"PM"
"1089",69,7,1981,1,"exclosure",1,1,"PM"
"1090",70,7,1982,2,"exclosure",2,1,"PM"
"1091",71,7,1983,2,"exclosure",2,1,"PM"
"1092",72,7,1986,2,"exclosure",1,0.5,"PM"
"1093",73,7,1987,4,"exclosure",4,1,"PM"
"1094",74,7,1988,1,"exclosure",1,1,"PM"
"1095",75,7,1997,11,"exclosure",5,0.454545454545455,"PM"
"1096",76,7,1998,3,"exclosure",1,0.333333333333333,"PM"
"1097",77,7,2015,1,"exclosure",1,1,"PM"
"1098",79,8,1982,1,"exclosure",1,1,"PM"
"1099",80,8,1983,1,"exclosure",1,1,"PM"
"1100",81,8,1987,2,"exclosure",2,1,"PM"
"1101",83,8,1998,2,"exclosure",1,0.5,"PM"
"1102",84,9,1982,2,"exclosure",1,0.5,"PM"
"1103",85,9,1983,2,"exclosure",2,1,"PM"
"1104",86,9,1987,1,"exclosure",1,1,"PM"
"1105",87,9,1988,1,"exclosure",1,1,"PM"
"1106",88,9,1997,4,"exclosure",1,0.25,"PM"
"1107",89,9,1998,1,"exclosure",1,1,"PM"
"1108",90,9,2007,1,"exclosure",1,1,"PM"
"1109",94,10,1982,3,"exclosure",2,0.666666666666667,"PM"
"1110",95,10,1983,2,"exclosure",1,0.5,"PM"
"1111",96,10,1985,1,"exclosure",1,1,"PM"
"1112",97,10,1987,2,"exclosure",1,0.5,"PM"
"1113",98,10,1988,3,"exclosure",1,0.333333333333333,"PM"
"1114",100,10,1998,5,"exclosure",3,0.6,"PM"
"1115",101,10,2007,2,"exclosure",1,0.5,"PM"
"1116",104,11,1982,1,"exclosure",1,1,"PM"
"1117",107,11,1987,2,"exclosure",2,1,"PM"
"1118",113,12,1983,1,"exclosure",1,1,"PM"
"1119",114,12,1986,2,"exclosure",2,1,"PM"
"1120",115,12,1988,2,"exclosure",2,1,"PM"
"1121",117,12,1996,1,"exclosure",1,1,"PM"
"1122",121,1,1983,2,"control",1,0.5,"PM"
"1123",127,2,1983,1,"control",1,1,"PM"
"1124",129,2,1996,2,"control",1,0.5,"PM"
"1125",134,3,1987,1,"control",1,1,"PM"
"1126",135,3,1989,1,"control",1,1,"PM"
"1127",141,4,1981,1,"control",1,1,"PM"
"1128",142,4,1982,1,"control",1,1,"PM"
"1129",143,4,1983,2,"control",1,0.5,"PM"
"1130",144,4,1984,1,"control",1,1,"PM"
"1131",145,4,1985,2,"control",1,0.5,"PM"
"1132",146,4,1987,2,"control",2,1,"PM"
"1133",147,4,1996,2,"control",1,0.5,"PM"
"1134",152,5,1986,2,"control",1,0.5,"PM"
"1135",153,5,1987,1,"control",1,1,"PM"
"1136",154,5,1997,3,"control",1,0.333333333333333,"PM"
"1137",156,5,2006,1,"control",1,1,"PM"
"1138",157,5,2007,4,"control",1,0.25,"PM"
"1139",159,6,1987,2,"control",2,1,"PM"
"1140",160,6,1996,3,"control",2,0.666666666666667,"PM"
"1141",161,6,1997,5,"control",1,0.2,"PM"
"1142",163,6,2008,4,"control",3,0.75,"PM"
"1143",165,7,1987,2,"control",2,1,"PM"
"1144",166,7,1997,6,"control",1,0.166666666666667,"PM"
"1145",167,7,2015,1,"control",1,1,"PM"
"1146",168,8,1982,2,"control",2,1,"PM"
"1147",170,8,1987,4,"control",2,0.5,"PM"
"1148",172,8,2015,1,"control",1,1,"PM"
"1149",173,9,1982,1,"control",1,1,"PM"
"1150",174,9,1987,4,"control",4,1,"PM"
"1151",176,9,2007,1,"control",1,1,"PM"
"1152",181,11,1982,2,"control",2,1,"PM"
"1153",182,11,1986,1,"control",1,1,"PM"
"1154",183,11,1987,4,"control",2,0.5,"PM"
"1155",185,11,2006,1,"control",1,1,"PM"
"1156",188,12,1986,3,"control",1,0.333333333333333,"PM"
"1157",2,1,1981,2,"exclosure",1,0.5,"RM"
"1158",3,1,1982,2,"exclosure",2,1,"RM"
"1159",4,1,1983,4,"exclosure",2,0.5,"RM"
"1160",8,1,1989,12,"exclosure",7,0.583333333333333,"RM"
"1161",9,1,1990,17,"exclosure",7,0.411764705882353,"RM"
"1162",10,1,1991,9,"exclosure",2,0.222222222222222,"RM"
"1163",20,1,2017,1,"exclosure",1,1,"RM"
"1164",21,2,1980,4,"exclosure",1,0.25,"RM"
"1165",22,2,1982,9,"exclosure",7,0.777777777777778,"RM"
"1166",24,2,1984,4,"exclosure",1,0.25,"RM"
"1167",25,2,1985,3,"exclosure",2,0.666666666666667,"RM"
"1168",26,2,1988,8,"exclosure",1,0.125,"RM"
"1169",27,2,1989,13,"exclosure",12,0.923076923076923,"RM"
"1170",28,2,1990,5,"exclosure",4,0.8,"RM"
"1171",29,2,1991,7,"exclosure",7,1,"RM"
"1172",31,2,1993,8,"exclosure",2,0.25,"RM"
"1173",32,2,1994,2,"exclosure",1,0.5,"RM"
"1174",41,2,2015,9,"exclosure",8,0.888888888888889,"RM"
"1175",44,3,1980,8,"exclosure",4,0.5,"RM"
"1176",45,3,1981,1,"exclosure",1,1,"RM"
"1177",46,3,1982,9,"exclosure",8,0.888888888888889,"RM"
"1178",47,3,1983,5,"exclosure",4,0.8,"RM"
"1179",48,3,1984,1,"exclosure",1,1,"RM"
"1180",49,3,1985,2,"exclosure",1,0.5,"RM"
"1181",50,3,1987,7,"exclosure",6,0.857142857142857,"RM"
"1182",51,3,1988,6,"exclosure",2,0.333333333333333,"RM"
"1183",52,3,1989,12,"exclosure",10,0.833333333333333,"RM"
"1184",53,3,1990,4,"exclosure",2,0.5,"RM"
"1185",54,3,1991,10,"exclosure",8,0.8,"RM"
"1186",55,3,1992,8,"exclosure",5,0.625,"RM"
"1187",56,3,1993,2,"exclosure",2,1,"RM"
"1188",57,3,1994,2,"exclosure",2,1,"RM"
"1189",58,3,1996,4,"exclosure",1,0.25,"RM"
"1190",59,3,1997,6,"exclosure",5,0.833333333333333,"RM"
"1191",62,3,2000,1,"exclosure",1,1,"RM"
"1192",63,3,2001,1,"exclosure",1,1,"RM"
"1193",64,3,2002,1,"exclosure",1,1,"RM"
"1194",65,3,2003,2,"exclosure",1,0.5,"RM"
"1195",67,3,2007,4,"exclosure",3,0.75,"RM"
"1196",71,3,2015,18,"exclosure",7,0.388888888888889,"RM"
"1197",74,4,1980,3,"exclosure",1,0.333333333333333,"RM"
"1198",75,4,1982,2,"exclosure",1,0.5,"RM"
"1199",76,4,1983,1,"exclosure",1,1,"RM"
"1200",77,4,1987,8,"exclosure",7,0.875,"RM"
"1201",78,4,1988,4,"exclosure",3,0.75,"RM"
"1202",79,4,1989,13,"exclosure",11,0.846153846153846,"RM"
"1203",80,4,1990,6,"exclosure",5,0.833333333333333,"RM"
"1204",81,4,1991,4,"exclosure",3,0.75,"RM"
"1205",82,4,1992,1,"exclosure",1,1,"RM"
"1206",83,4,1994,3,"exclosure",3,1,"RM"
"1207",84,4,1995,3,"exclosure",3,1,"RM"
"1208",85,4,1996,6,"exclosure",1,0.166666666666667,"RM"
"1209",86,4,1997,6,"exclosure",3,0.5,"RM"
"1210",90,4,2015,12,"exclosure",7,0.583333333333333,"RM"
"1211",92,5,1983,2,"exclosure",2,1,"RM"
"1212",93,5,1984,1,"exclosure",1,1,"RM"
"1213",94,5,1985,1,"exclosure",1,1,"RM"
"1214",95,5,1986,3,"exclosure",2,0.666666666666667,"RM"
"1215",96,5,1989,7,"exclosure",7,1,"RM"
"1216",97,5,1991,1,"exclosure",1,1,"RM"
"1217",98,5,1992,1,"exclosure",1,1,"RM"
"1218",102,5,1999,2,"exclosure",1,0.5,"RM"
"1219",103,5,2002,1,"exclosure",1,1,"RM"
"1220",106,5,2015,5,"exclosure",4,0.8,"RM"
"1221",107,6,1981,1,"exclosure",1,1,"RM"
"1222",108,6,1982,3,"exclosure",3,1,"RM"
"1223",109,6,1985,2,"exclosure",2,1,"RM"
"1224",110,6,1987,1,"exclosure",1,1,"RM"
"1225",111,6,1988,1,"exclosure",1,1,"RM"
"1226",112,6,1989,9,"exclosure",7,0.777777777777778,"RM"
"1227",113,6,1990,1,"exclosure",1,1,"RM"
"1228",115,6,1993,1,"exclosure",1,1,"RM"
"1229",116,6,1995,1,"exclosure",1,1,"RM"
"1230",117,6,1997,3,"exclosure",2,0.666666666666667,"RM"
"1231",118,6,1999,1,"exclosure",1,1,"RM"
"1232",119,6,2007,1,"exclosure",1,1,"RM"
"1233",120,6,2015,2,"exclosure",2,1,"RM"
"1234",122,7,1982,1,"exclosure",1,1,"RM"
"1235",123,7,1984,2,"exclosure",1,0.5,"RM"
"1236",124,7,1985,1,"exclosure",1,1,"RM"
"1237",125,7,1987,5,"exclosure",3,0.6,"RM"
"1238",126,7,1989,5,"exclosure",4,0.8,"RM"
"1239",127,7,1990,2,"exclosure",2,1,"RM"
"1240",128,7,1991,3,"exclosure",1,0.333333333333333,"RM"
"1241",129,7,1992,2,"exclosure",2,1,"RM"
"1242",130,7,1993,1,"exclosure",1,1,"RM"
"1243",131,7,1994,1,"exclosure",1,1,"RM"
"1244",132,7,1997,4,"exclosure",3,0.75,"RM"
"1245",133,7,2003,1,"exclosure",1,1,"RM"
"1246",135,8,1982,1,"exclosure",1,1,"RM"
"1247",136,8,1987,1,"exclosure",1,1,"RM"
"1248",137,8,1990,1,"exclosure",1,1,"RM"
"1249",138,8,1993,2,"exclosure",2,1,"RM"
"1250",139,9,1987,1,"exclosure",1,1,"RM"
"1251",140,9,1991,1,"exclosure",1,1,"RM"
"1252",141,9,1992,2,"exclosure",1,0.5,"RM"
"1253",142,9,1993,3,"exclosure",3,1,"RM"
"1254",143,9,1995,3,"exclosure",2,0.666666666666667,"RM"
"1255",144,9,1997,1,"exclosure",1,1,"RM"
"1256",145,10,1977,1,"exclosure",1,1,"RM"
"1257",147,10,1983,1,"exclosure",1,1,"RM"
"1258",148,10,1984,1,"exclosure",1,1,"RM"
"1259",149,10,1987,3,"exclosure",2,0.666666666666667,"RM"
"1260",151,10,1990,2,"exclosure",2,1,"RM"
"1261",153,10,1992,3,"exclosure",2,0.666666666666667,"RM"
"1262",154,10,1993,3,"exclosure",2,0.666666666666667,"RM"
"1263",156,10,2000,1,"exclosure",1,1,"RM"
"1264",157,10,2007,4,"exclosure",2,0.5,"RM"
"1265",158,10,2015,3,"exclosure",1,0.333333333333333,"RM"
"1266",161,11,1982,3,"exclosure",1,0.333333333333333,"RM"
"1267",162,11,1983,3,"exclosure",2,0.666666666666667,"RM"
"1268",163,11,1985,2,"exclosure",1,0.5,"RM"
"1269",164,11,1986,1,"exclosure",1,1,"RM"
"1270",165,11,1987,9,"exclosure",1,0.111111111111111,"RM"
"1271",166,11,1988,3,"exclosure",2,0.666666666666667,"RM"
"1272",167,11,1989,6,"exclosure",4,0.666666666666667,"RM"
"1273",168,11,1990,7,"exclosure",5,0.714285714285714,"RM"
"1274",169,11,1991,13,"exclosure",1,0.0769230769230769,"RM"
"1275",171,11,1996,2,"exclosure",1,0.5,"RM"
"1276",176,11,2008,1,"exclosure",1,1,"RM"
"1277",185,12,1986,4,"exclosure",1,0.25,"RM"
"1278",186,12,1988,7,"exclosure",6,0.857142857142857,"RM"
"1279",187,12,1989,6,"exclosure",3,0.5,"RM"
"1280",188,12,1990,7,"exclosure",4,0.571428571428571,"RM"
"1281",192,12,1995,8,"exclosure",3,0.375,"RM"
"1282",199,1,1981,2,"control",1,0.5,"RM"
"1283",200,1,1982,3,"control",2,0.666666666666667,"RM"
"1284",201,1,1983,5,"control",1,0.2,"RM"
"1285",205,1,1989,5,"control",2,0.4,"RM"
"1286",206,1,1990,5,"control",2,0.4,"RM"
"1287",211,1,1999,1,"control",1,1,"RM"
"1288",216,1,2015,4,"control",1,0.25,"RM"
"1289",218,1,2017,2,"control",1,0.5,"RM"
"1290",219,2,1980,1,"control",1,1,"RM"
"1291",220,2,1982,13,"control",11,0.846153846153846,"RM"
"1292",221,2,1983,4,"control",2,0.5,"RM"
"1293",224,2,1989,6,"control",6,1,"RM"
"1294",225,2,1990,3,"control",1,0.333333333333333,"RM"
"1295",226,2,1991,3,"control",2,0.666666666666667,"RM"
"1296",228,2,1993,2,"control",1,0.5,"RM"
"1297",229,2,1996,1,"control",1,1,"RM"
"1298",233,2,2003,1,"control",1,1,"RM"
"1299",239,2,2015,6,"control",2,0.333333333333333,"RM"
"1300",243,3,1980,3,"control",1,0.333333333333333,"RM"
"1301",244,3,1982,6,"control",6,1,"RM"
"1302",245,3,1983,8,"control",8,1,"RM"
"1303",246,3,1984,1,"control",1,1,"RM"
"1304",247,3,1986,1,"control",1,1,"RM"
"1305",248,3,1987,1,"control",1,1,"RM"
"1306",249,3,1988,4,"control",1,0.25,"RM"
"1307",250,3,1989,7,"control",7,1,"RM"
"1308",251,3,1990,4,"control",4,1,"RM"
"1309",252,3,1991,3,"control",3,1,"RM"
"1310",254,3,1993,1,"control",1,1,"RM"
"1311",256,3,1997,6,"control",3,0.5,"RM"
"1312",258,3,2007,1,"control",1,1,"RM"
"1313",260,3,2014,4,"control",1,0.25,"RM"
"1314",261,3,2015,18,"control",8,0.444444444444444,"RM"
"1315",263,3,2017,1,"control",1,1,"RM"
"1316",264,4,1982,3,"control",3,1,"RM"
"1317",265,4,1983,2,"control",1,0.5,"RM"
"1318",266,4,1984,2,"control",1,0.5,"RM"
"1319",267,4,1987,1,"control",1,1,"RM"
"1320",268,4,1988,1,"control",1,1,"RM"
"1321",269,4,1989,3,"control",3,1,"RM"
"1322",271,4,1993,1,"control",1,1,"RM"
"1323",272,4,1995,1,"control",1,1,"RM"
"1324",273,4,1996,5,"control",1,0.2,"RM"
"1325",274,4,1997,6,"control",2,0.333333333333333,"RM"
"1326",277,4,2015,19,"control",15,0.789473684210526,"RM"
"1327",279,4,2017,2,"control",1,0.5,"RM"
"1328",280,5,1982,2,"control",2,1,"RM"
"1329",281,5,1983,2,"control",1,0.5,"RM"
"1330",282,5,1986,1,"control",1,1,"RM"
"1331",283,5,1987,1,"control",1,1,"RM"
"1332",284,5,1989,3,"control",3,1,"RM"
"1333",285,5,1992,1,"control",1,1,"RM"
"1334",286,5,2003,1,"control",1,1,"RM"
"1335",289,5,2015,11,"control",8,0.727272727272727,"RM"
"1336",290,5,2016,2,"control",1,0.5,"RM"
"1337",291,6,1983,1,"control",1,1,"RM"
"1338",292,6,1989,3,"control",2,0.666666666666667,"RM"
"1339",295,6,2007,3,"control",1,0.333333333333333,"RM"
"1340",297,6,2015,5,"control",3,0.6,"RM"
"1341",299,7,1984,1,"control",1,1,"RM"
"1342",300,7,1987,3,"control",3,1,"RM"
"1343",302,7,1989,1,"control",1,1,"RM"
"1344",303,7,1993,1,"control",1,1,"RM"
"1345",306,8,1987,1,"control",1,1,"RM"
"1346",308,10,1981,1,"control",1,1,"RM"
"1347",309,10,1983,1,"control",1,1,"RM"
"1348",310,10,1987,3,"control",2,0.666666666666667,"RM"
"1349",311,10,1991,2,"control",1,0.5,"RM"
"1350",313,10,1995,1,"control",1,1,"RM"
"1351",316,10,2015,3,"control",3,1,"RM"
"1352",321,11,1987,4,"control",1,0.25,"RM"
"1353",322,11,1988,1,"control",1,1,"RM"
"1354",323,11,1989,2,"control",2,1,"RM"
"1355",331,12,1986,2,"control",1,0.5,"RM"
"1356",332,12,1988,6,"control",3,0.5,"RM"
"1357",333,12,1989,4,"control",3,0.75,"RM"
"1358",338,12,1995,2,"control",1,0.5,"RM"
"1359",343,12,2013,1,"control",1,1,"RM"
